title,link,description,comp_name,address,email,telephone_number,keywords,contact_person,type_or_sector,founded_year,revenue,funding,headquarters,No_of_employees,company_status,address_confidence,tp_confidence,headquarters_confidence,contact_confidence,Total_confidence
ACEM - Home,https://acem.org.au/,The Australasian College for Emergency Medicine,acem,"['34 Jeffcott Street West Melbourne Vic 3003 Australia', 'https://acem.org.au/Content-Sources/Footer-Links/Contact-us']",None,"['+61 (3) 9320 0444', 'https://acem.org.au/Content-Sources/Advancing-Emergency-Medicine/Better-Outcomes-for-Patients/Mental-Health-in-the-Emergency-Department/Mental-Health-in-the-Emergency-Department-Consensu']","['acem acem', 'emergency medicine certificate acem', 'acem trainee', 'acem president dr simon judkins', 'emergency health care', 'acem president dr john bonning', 'acem cpd program', 'acem president', 'acem requirements', 'acem staff']","[['Peter White', 'CEO'], 'https://acem.org.au/News/November-2019/Term-begins-for-NZ%E2%80%99s-first-President-for-Australas']","['Education, Healthcare', 'from_classification_model']",None,"['$1.20 million USD', 'https://www.dnb.com/business-directory/company-profiles.acem_investments_limited.f8f1d07e8a3ac4acab2aa832a17c597d.html']",None,None,None,"['Limited\xa0Company Independent', 'https://www.dnb.com/business-directory/company-profiles.acem_investments_limited.f8f1d07e8a3ac4acab2aa832a17c597d.html']",0.625,0.25,0.0,0.0,0.21875
LearnUpon Learning Management System,https://www.learnupon.com/,LearnUpon LMS is a powerful  yet easy-to-use  Learning Management System. It helps you to deliver corporate training at scale. Schedule your demo today.,learnupon,None,"['sebastian.pain@learnupon.com', 'https://www.learnupon.com/blog/learnupon-best-lms-australia/']","['+61 283 111 209', 'https://www.learnupon.com/blog/learnupon-best-lms-australia/']","['training courses', 'free customer training courses', 'product training courses', 'common training courses', 'employee training lms', 'good customer training', 'formal online training courses', 'training content', 'great customer training', 'customer training programs']","[['Laura Wilson ', 'Customer Success Manager_LearnUpon ...'], 'from linkedin search google']","['IT - Software, Healthcare', 'from_classification_model']",None,None,None,None,None,None,0.0,0.25,0.0,0.0,0.0625
Squiz: Forward_ Faster,https://www.squiz.net/,,squiz.net,"['L1 435A Kent St Sydney, NEW SOUTH WALES, 2000 Australia', 'https://www.dnb.com/business-directory/company-profiles.squiz_australia_pty_ltd.7770e618e038099daff35200b9febdf3.html']","['support@squiz.co.nz', 'https://www.squiz.net/contact']","['+64 4 805 0098', 'https://www.squiz.net/contact']","['student search experience', 'digital experience company squiz', 'student experience', 'global digital experience leader squiz', 'great digital experiences squiz love', 'customer experience', 'digital experiences', 'powerful student experiences', 'personalized student experiences', 'exceptional student experiences']","[['John-Paul Syriatowicz', 'CEO'], 'https://www.squiz.net/resources/blog/a-message-from-squizs-ceo,-john-paul-syriatowicz']","['IT - Software, Education', 'from_classification_model']","[' 8 October 1998', 'https://opencorporates.com/companies/au/084670600']","['$39.34 million USD', 'https://www.dnb.com/business-directory/company-profiles.squiz_australia_pty_ltd.7770e618e038099daff35200b9febdf3.html']",None,"['Australia', 'https://opencorporates.com/companies/au/084670600']",None,"['Proprietorship Subsidiary', 'https://www.dnb.com/business-directory/company-profiles.squiz_australia_pty_ltd.7770e618e038099daff35200b9febdf3.html']",0.5,0.25,0.375,0.0,0.28125
Wiley Direct,https://www.wileydirect.com.au/,Official online store for students in Australia & New Zealand. All Wiley textbooks from just $65. Print and digital options available  etextbooks  WileyPLUS_Official online store for students in Australia & New Zealand. All Wiley textbooks from just $65. Print and digital options available  etextbooks  WileyPLUS_Cheaper. Faster. Smarter. Get affordable textbooks in just a couple of clicks.,wileydirect,"['Level 1/155 Cremorne St, Melbourne VIC 3121', ['Wiley Direct, address', 'knowledge_panel']]",None,None,"['course materials', 'victoria university', 'university', 'edition charles sturt university', 'monash university', 'victoria university bao3309', 'victoria university bao3306', 'victoria university asx1003', 'victoria university eec2102', 'open university australia']","[['Chris Gray', 'Managing_Director'], 'https://au.linkedin.com/in/chris-gray-aa497849']","['Education, Agriculture', 'from_classification_model']",None,None,None,None,None,None,0.0,0.0,0.0,0.0,0.0
Meshed Group | Comprehensive Education Management ...,https://www.meshedgroup.com.au/,Meshed Group solutions are suited to any sized education providers or enterprises. Customisable  cloud-based  affordable and are continually evolving to meet the challenges of the Education Industry in Australia. Educational Enterprise Management Systems and Student Management Systems,meshedgroup,"['Suite  2 .02, 184 Bourke Road Alexandria NSW 2015', 'https://www.meshedgroup.com.au/contact/']","['enquiries@meshedgroup.com.au', 'https://www.meshedgroup.com.au/contact/']","['+61 2 8030 7150', 'https://www.meshedgroup.com.au/contact/']","['meshed group', 'meshed group client data', 'meshed group rtomanager platform', 'meshed group softwares', 'meshed group online learning solutions', 'meshed group applications', 'meshed group board', 'meshed solutions', 'meshed group platforms', 'meshed group clients']",None,"['IT - Software, Utilities', 'from_classification_model']",None,None,None,None,None,None,1.0,0.25,0.0,0.0,0.3125
CISaustralia,https://www.cisaustralia.com.au/,CISaustralia offers programs for Australian students in winter  summer ... or a combination – in almost any destination around the world  including Australia.,cisaustralia,"['Se 21 207 Currumburra Rd ASHMORE, QUEENSLAND, 4214 Australia', 'https://www.dnb.com/business-directory/company-profiles.centre_for_international_studies_pty_ltd.6db6c917ea7f0e19508ac704b1e762bc.html']","['info@cisaustralia.com.au', 'https://www.cisaustralia.com.au/website-terms-of-use/']","['+61 421 269 080', 'https://www.cisaustralia.com.au/health-and-safety/health-and-safety/']","['local students', 'included course activities', 'other students', 'cisaustralia students', 'other international students', 'language students', 'small student projects', 'many students', 'local vietnamese students', 'local khmer students']","[['Brad Dorahy', 'founder'], 'https://thepienews.com/pie-chat/brad-dorahy-founder-cisaustralia/']","['Education, Arts, entertainment and recreation', 'from_classification_model']",None,"['$1.62 million USD', 'https://www.dnb.com/business-directory/company-profiles.centre_for_international_studies_pty_ltd.6db6c917ea7f0e19508ac704b1e762bc.html']","['$0', 'None']",None,"['122', 'None']","['Proprietorship Independent', 'https://www.dnb.com/business-directory/company-profiles.centre_for_international_studies_pty_ltd.6db6c917ea7f0e19508ac704b1e762bc.html']",0.0,0.25,0.375,0.0,0.15625
TechnologyOne - Global SaaS ERP Solution,https://technologyonecorp.com/,The TechnologyOne global SaaS ERP solution delivers the TechnologyOne enterprise suite as a service through the cloud to our customers.,technologyonecorp,"['Level 6, 420 St Kilda Road Melboune VIC 3004', 'https://technologyonecorp.com/company/contact-us']","['registrars@linkmarketservices.com.au', 'https://technologyonecorp.com/company/investors']","['+61 (8) 8373 8501', 'https://technologyonecorp.com/company/contact-us']","['technologyone solutions', 'technologyone onecouncil solution customer', 'technologyone saas', 'technologyone oneasset solution', 'existing technologyone systems', 'technologyone customer', 'technologyone’s onecouncil solution', 'existing technologyone software', 'technologyone asset management software', 'technologyone’s asset lifecycle management solution']","['Adrian Di Marco', 'founder(s)', 'https://www.crunchbase.com/organization/technology-one']","[['CRMEnterprise SoftwareInformation TechnologyInfrastructureSoftware'], 'https://www.crunchbase.com/organization/technology-one']","['1987', 'https://www.crunchbase.com/organization/technology-one']",None,None,"[' Brisbane, Queensland, Australia', 'https://www.crunchbase.com/organization/technology-one']",None,"['Public', 'https://www.crunchbase.com/organization/technology-one']",0.25,0.25,0.0,0.0,0.125
RTO Software,https://rtosoftware.com.au/,Genuine Service not just Software We dig deep to solve problems Optimise your college processes We go beyond simply delivering software Book Demo Enquire..._Software to Grow your RTO Business,rtosoftware,None,"['sales@rtosoftware.com.au', 'https://rtosoftware.com.au/contact-us/']","['+61 435 432 269', 'https://rtosoftware.com.au/contact-us/']","['student data', 'training students', 'student financial data', 'student files', 'student management systems', 'student services', 'student specific files', 'student documents', 'student admin', 'student records']",None,"['IT - Software, Real estate', 'from_classification_model']",None,None,None,None,None,None,0.0,0.25,0.0,0.0,0.0625
SoNET Systems,https://sonet.com.au/,SoNET Systems is one of Australia's leading software development companies  providing clients with high quality SaaS software products and software ...,sonet,"['15 Gordon Street Cremorne, Victoria, 3121 Australia', 'https://app.avention.com/company/f2a5aea4-5b7f-38e5-b442-5caf29ed0036#report/company_summary']","['privacy@sonet.com.au', 'https://sonet.com.au/privacy-statement/']","['+61 3 8533 7700', 'https://sonet.com.au/privacy-statement/']","['specific service provider software functions', 'sonet systems assessment', 'specific employment services software solution', 'icase comprehensive employment services software', 'specialised service provider software functions', 'sonet systems assessment master services', 'sonet systems icase', 'industry specific employment services software solution', 'sonet systems pty ltd. sonet system', 'disability employment service providers']","[['Adam Legg', 'Director'], 'https://app.avention.com/company/f2a5aea4-5b7f-38e5-b442-5caf29ed0036#report/company_summary']","[['Enterprise SoftwareInformation TechnologySaaSSoftware'], 'https://www.crunchbase.com/organization/sonet-systems']","['1995', 'https://www.crunchbase.com/organization/sonet-systems']","['2.7M', 'https://app.avention.com/company/f2a5aea4-5b7f-38e5-b442-5caf29ed0036#report/company_summary']",None,"[' Cremorne, New South Wales, Australia', 'https://www.crunchbase.com/organization/sonet-systems']","['29', 'https://app.avention.com/company/f2a5aea4-5b7f-38e5-b442-5caf29ed0036#report/company_summary']","['Private', 'https://www.crunchbase.com/organization/sonet-systems']",0.75,0.25,0.0,0.0,0.25
BEIMS: Facility Asset Management Software & Maintenance ...,http://www.beims.com/,May 2  2018 - BEIMS is Australia's premier facilities management software for powerful  flexible and easy to use solutions.,beims,"['Level  3 / 271 William Street, Melbourne VIC 3000', 'http://www.beims.com/collection-notice/']",None,"['+61 3 9672 6161', 'http://www.beims.com/contact-us/']","['personal information', 'personal information collection', 'unsolicited personal information', 'personal identifiable information', 'mercury computer systems personal information', 'non-personal information', 'information', 'more information', 'important information', 'certain information']","[['Garry Busowsky', 'founder'], 'https://prwire.com.au/pr/59088/zuuse-acquires-beims-fm-software-business']","[['ComputerSoftware'], 'https://www.crunchbase.com/organization/beims']","['1985', 'https://www.crunchbase.com/organization/beims']",None,None,"[' Melbourne, Victoria, Australia', 'https://www.crunchbase.com/organization/beims']",None,"['Private', 'https://www.crunchbase.com/organization/beims']",0.25,0.25,0.0,0.0,0.125
VETtrak: Student Management System for RTO Compliance in ...,https://www.vettrak.com.au/,Ensure AVETMISS compliance for your RTO with an Student Management System (SMS) that is compliant in every Australian State and Territory.,vettrak,"['Level  1 , Room 112, 838 Collins Street, Docklands VIC 3008', 'https://www.vettrak.com.au/vettrak-news/vettrak-training-in-docklands-melbourne/']","['training@vettrak.com.au', 'https://www.vettrak.com.au/contact/']","['+61408 246 823', 'https://www.vettrak.com.au/vettrak-blog/master-apprenticeships-with-my-profilings-vettrak-integration/']","['vettrak vettrak', 'vet vettrak', 'vettrak systems', 'vettrak courses', 'vet vettrak hosted system', 'vettrak team', 'vettrak avetmiss', 'vettrak course changes', 'vettrak users', 'vettrak version']","[['CEO Marc Washbourne', 'CEO'], 'https://www.vettrak.com.au/vettrak-blog/worked-pwc-sara-caplan/']","['IT - Software, Education', 'from_classification_model']",None,"['$56.83 million USD', 'https://www.dnb.com/business-directory/company-profiles.vettrak_pty_ltd.d0555653c369f9f334e80a882485733e.html']",None,None,None,"['Proprietorship Subsidiary', 'https://www.dnb.com/business-directory/company-profiles.vettrak_pty_ltd.d0555653c369f9f334e80a882485733e.html']",1.0,0.25,0.375,0.0,0.40625
Velg Training: Home,https://www.velgtraining.com/,,velgtraining,"['1 /52 Jeffcott Street, Wavell Heights Qld 4012', 'https://www.velgtraining.com/pages/privacy-policy']","['events@velgtraining.com', 'https://www.velgtraining.com/pages/refunds']","['+617 3866 0888', 'https://www.velgtraining.com/events/1055/sponsorship']","['rto training', 'vet training providers', 'velg training events', 'velg training members', 'velg training products', 'velg training workshops', 'simon velg training', 'velg training tamara', 'contact velg training', 'training']","[['Amanda Meads ', 'Director/Tutor_The Flower ...'], 'from linkedin search google']","['Education, Mining, oil and gas', 'from_classification_model']","[' 8 August 2012', 'https://opencorporates.com/companies/au/159630761']",None,None,"['Australia', 'https://opencorporates.com/companies/au/159630761']",None,"['Foreign Company (Overseas)', 'https://opencorporates.com/companies/au/159630761']",0.625,0.25,0.0,0.0,0.21875
Vasto Educator: RTO Management Software with integrated ...,https://vastosoftware.com.au/,Vasto Educator is world-class RTO Management software with an integrated Learning Management System (LMS)  suitable for all Registered Training Organisations. Request a free demonstration.,vastosoftware,"['Level  1 , 50 Yeo Street Neutral Bay NSW 2089', 'https://vastosoftware.com.au/']","['enquiries@vastosoftware.com.au', 'https://vastosoftware.com.au/']",None,"['can vasto', 'vasto lms', 'historical student data', 'integrated vasto lms', 'vasto vouchers', 'vasto pricing', 'vasto software', 'vasto custom reports', 'students', 'vasto widgets']","[['Roger Wilson', 'CEO'], 'https://vastosoftware.com.au/about_us/']","['IT - Software, Utilities', 'from_classification_model']","[' 1 April 2019', 'https://opencorporates.com/companies/au/632637453']",None,None,"['Australia', 'https://opencorporates.com/companies/au/632637453']",None,"['Australian Proprietary Company, Limited By Shares', 'https://opencorporates.com/companies/au/632637453']",0.625,0.0,0.0,0.0,0.15625
JWGecko Home - JWGecko Innovation Pty Ltd,https://www.jwgecko.com/,,jwgecko,"['PO Box 248 Enmore NSW 2042 Australia', 'https://www.jwgecko.com/privacy-statement.cfm']","['privacy@jwgecko.com', 'https://www.jwgecko.com/privacy-statement.cfm']","['+612 9146 6286', 'https://www.jwgecko.com/em-newsletter-may-2018.cfm']","['vet students', 'vet lms clients', 'extensive student management systems', 'jwg services', 'new systems', 'most decent student management systems', 'rto students', 'jwg products', 'new service tasks', 'vet avetmiss']","[['Ben Kennedy', 'founder'], 'https://au.linkedin.com/in/benjaminthomaskennedy']","['IT - Software, Construction', 'from_classification_model']","['27 October 2014', 'https://opencorporates.com/companies/au/602532669']",None,None,"['Australia', 'https://opencorporates.com/companies/au/602532669']",None,"['Australian Proprietary Company, Limited By Shares', 'https://opencorporates.com/companies/au/602532669']",0.25,0.25,0.0,0.0,0.125
RTO Student Management Software in Australia [SolzRBM],https://solzrbm.com.au/,Leading RTO student management software & consulting services provider in Australia. Our highly flexible system meets all compliances to AVETMISS-8  VET LOAN  USI  CRICOS  ASQA and other regulatory requirements.,solzrbm,"['Suite  8 .02, Level 8, 227 Elizabeth Street, Sydney, NSW 2000', 'https://solzrbm.com.au/scheduledemo/']","['info@solzrbm.com.au', 'https://solzrbm.com.au/scheduledemo/']","['+61-291-882-143', 'https://solzrbm.com.au/scheduledemo/']","['many rto student management systems', 'student crm systems', 'student services', 'rto student management software', 'rto student', 'student data', 'rto student management software australia', 'rto student management software implementation', 'rto crm systems', 'student experience']","[['Sourav Chatterjee ', 'Director Business Development ..._LinkedIn'], 'from linkedin search google']","['IT - Software, Education', 'from_classification_model']","[' 2 July 2020', 'https://opencorporates.com/companies/au/642297130']",None,None,"['Australia', 'https://opencorporates.com/companies/au/642297130']",None,"['Australian Proprietary Company, Limited By Shares', 'https://opencorporates.com/companies/au/642297130']",0.625,0.25,0.0,0.0,0.21875
Journal of the Australian and New Zealand Student Services ...,https://janzssa.scholasticahq.com/,Focussing on the role of support services in post secondary education in enhancing student engagement  participation  wellbeing and success.,janzssa.scholasticahq,"['U 2 21 Huntsmore Rd Minto, NEW SOUTH WALES, 2566 Australia', 'https://www.dnb.com/business-directory/company-profiles.portavin_nsw_pty_ltd.93aca941962c3cc000f500aa311361f0.html']",None,"['+61-297229400', 'https://www.dnb.com/business-directory/company-profiles.portavin_nsw_pty_ltd.93aca941962c3cc000f500aa311361f0.html']",None,"[['FERDINAND ACOBA TUMPALAN', 'Director'], 'https://www.dnb.com/business-directory/company-profiles.portavin_nsw_pty_ltd.93aca941962c3cc000f500aa311361f0.html']","['Education, Agriculture', 'from_classification_model']",None,"['$11.35 million USD', 'https://www.dnb.com/business-directory/company-profiles.portavin_nsw_pty_ltd.93aca941962c3cc000f500aa311361f0.html']",None,None,None,"['Proprietorship Subsidiary', 'https://www.dnb.com/business-directory/company-profiles.portavin_nsw_pty_ltd.93aca941962c3cc000f500aa311361f0.html']",0.0,0.0,0.0,0.0,0.0
MiM Guide,https://mim-guide.com/,A global community for prospective Master in Management (MiM) students and a directory of business schools offering business master's degrees in management  finance  supply chain  accounting and more.,mim-guide,"['Camperdown NSW 2006', ['The University of Sydney, address', 'knowledge_panel']]",None,None,"['msc digital marketing management msc marketing management master', 'master international business management', 'msc business information management', 'msc fashion marketing management master', 'msc management', 'digital marketing management msc marketing management', 'msc management degree', 'msc information management', 'msc financial management', 'digital business enterprise management msc']","[['Miriam Fanning', 'founder'], 'https://www.indesignlive.com/the-peeps/5-mins-miriam-fanning']","['Education, Mining, oil and gas', 'from_classification_model']",None,None,None,None,None,None,0.0,0.0,0.0,0.0,0.0
Navitas Agent Toolbox,https://www.agents.navitas.com/,Navitas is a leading global education provider which has built relationships with over 4000 recruitment partners  providing education opportunities to students in more than 130 countries. Navitas partners have access to our global marketing and recruitment network  including over 120 staff across 20 regional offices.,navitas,"['Level  2 , 15 Ogilvie Road  Mount Pleasant WA 6153 Australia', 'https://www.agents.navitas.com/privacy-policy']","['privacy.au@navitas.com', 'https://www.agents.navitas.com/privacy-policy']","['+61408111386', 'https://www.agents.navitas.com/digitalcampus-australasia']","['student information', 'information navitas english privacy policy', 'navitas colleges', 'navitas programs', 'navitas website', 'navitas australasia digital campus', 'western sydney university international college western sydney university sydney city campus university', 'navitas staff', 'navitas europe', 'student experience']","[['Scott Jones', 'CEO'], 'https://www.navitas.com/who-we-are/leadership-team']","['Education, IT - Software', 'from_classification_model']","['18 June 2004', 'https://opencorporates.com/companies/au/109613309']","['$643.90 million USD', 'https://www.dnb.com/business-directory/company-profiles.navitas_limited.602a41f25289cce9.html']",None,"['Australia', 'https://opencorporates.com/companies/au/109613309']",None,"['Proprietorship Subsidiary', 'https://www.dnb.com/business-directory/company-profiles.navitas_limited.602a41f25289cce9.html']",0.25,0.25,0.375,0.0,0.21875
Defence SA,https://www.defencesa.com/,When you’re well equipped  well prepared and well situated you’re in the best state to defend. And the best state is SOUTH AUSTRALIA THE DEFENCE STATE,defencesa,"['Level  4 , 151 Pirie Street ADELAIDE SA 5000', 'https://www.defencesa.com/about-defence-sa/proactive-disclosure/freedom-of-information']","['enquiries@defencesa.com', 'https://www.defencesa.com/industry/global-supply-chain']","['+61 8 8463 7150', 'https://www.defencesa.com/contact?referrer=main_nav']","['south australia south australia', 'south australia director south australia', 'sa south australia', 'defence jobs defence sa', 'defence sa south australian students', 'adelaide defence sa advisory board south australia', 'south australian defence industry', 'south australia defence industry workforce', 'south australian defence companies', 'south australia companies']","[['Richard Price', 'CEO'], 'https://www.defencesa.com/about-defence-sa/executive-team/mr-richard-price']","['Manufacturing, Education', 'from_classification_model']",None,None,None,None,None,None,0.25,0.25,0.0,0.0,0.125
Australia & New Zealand Music Research: Welcome,https://www.musicresearchanz.com/,,musicresearchanz,"['2010 - May 2013 MA University of Canterbury 2013', 'http://www.musicresearchanz.com/?q=taxonomy/term/47']",None,None,"['indigenous music', 'art music', 'music analysis', 'organ music', 'music researchers', 'woodwind music', 'dialectical music', 'instrumental music', 'pop music', 'italian music']","[['Stephanie Rocke ', 'Research Fellow_University of ...'], 'from linkedin search google']","['Education, Healthcare', 'from_classification_model']",None,None,None,None,None,None,0.25,0.0,0.0,0.0,0.0625
Optometry Students,https://www.optometrystudents.com/,A website run by current optometry students  for current optometry students! When it comes to helping future optometrists succeed in school  we've got you covered!,optometrystudents,"['Sydney NSW 2052', ['UNSW Sydney, address', 'knowledge_panel']]",None,None,"['optometry students', 'many optometry students', 'optometry student information', 'current optometry students', 'many young optometry students', 'most optometry students', 'optometry’s meeting optometry career optometry programs', 'many students', 'other students', 'matt roe pre-optometry student']","[['Alicia Cheripka ', 'Program Analyst_NOAA: National ...'], 'from linkedin search google']","['Education, Healthcare', 'from_classification_model']",None,None,None,None,None,None,0.0,0.0,0.0,0.0,0.0
School Visitor Management Software. Passtab Sign In App for ...,https://passtab.com/,School visitor management software. School sign in system for visitors  contractors  students  staff and relief staff. The only visitor management software designed specifically for schools. Delivers flexible configuration options to meet your school’s unique requirements.,passtab,"['Suite  8 , 410 Burwood Highway, Wantirna South, Victoria 3152', 'https://passtab.com/privacy.html']","['enquiries@oaic.gov.au', 'https://passtab.com/privacy.html']","['+61 3 9800 1489', 'https://passtab.com/']","['school visitors', 'school visitor management', 'passtab data security features', 'personal data changes', 'staff passtab', 'passtab', 'passtab notification', 'visitor name', 'visitors', 'school relief staff']","[['Mike Dye ', 'Director_MTC Machine Tools Pty Ltd T ...'], 'from linkedin search google']","['IT - Software, Finance and insurance', 'from_classification_model']",None,None,None,None,None,None,0.25,0.25,0.0,0.0,0.125
Darlo Higher Education: New Higher Education Registrations,https://darlohighereducation.com/,If you are planning to register as a university or higher education provider in Australia  you need to apply to TEQSA. WE help you with TEQSA compliance.,darlohighereducation,"['6/63 Exhibition St, Melbourne VIC 3000', ['Darlo Higher Education, address', 'knowledge_panel']]","['generalreviews@aat.gov.au', 'https://darlohighereducation.com/news/category/regulation/']","['+613 83761802', 'https://darlohighereducation.com/contact-us-teqsa-consultants/']","['higher education higher education consultants', 'high quality higher education', 'private higher education providers', 'many higher education providers', 'private higher education', 'other higher education providers', 'public higher education', 'higher education applications', 'australian higher education', 'higher education services']","[['Dr. Brendan Moloney', 'CEO'], 'https://darlointernational.com/international-education-partnerships/']","['Education, Construction', 'from_classification_model']",None,"['$145,811 USD', 'https://www.dnb.com/business-directory/company-profiles.the_trustee_for_darlo_trust.69a3283e287604bdbf97a80a14f53d95.html']",None,None,None,"['Independent', 'https://www.dnb.com/business-directory/company-profiles.the_trustee_for_darlo_trust.69a3283e287604bdbf97a80a14f53d95.html']",0.75,0.25,0.0,0.0,0.25
RTO Doctor Provide Specialist Services to Registered ...,https://rtodoctor.com.au/,Whether you are looking to startup with an RTO Registration  addition to scope or just get some advice on how to improve your business processes  RTO Doctor ,rtodoctor,"['9839 , Canberra ACT 2601', 'https://rtodoctor.com.au/latest-news/our-submissions/rto-doctor-vet-reform-taskforce-submission-full-submission-edited-public-viewing/']","['hristine@hogans.id.au', 'https://rtodoctor.com.au/latest-news/blog/ciswa-winter-conference-highlights-4-july-2013/']","['+61 8 6296 4365', 'https://rtodoctor.com.au/latest-news/our-submissions/rto-doctor-vet-reform-taskforce-submission-full-submission-edited-public-viewing/']","['rto doctor newsletter', 'update rto doctor', 'rto doctor website', 'rto doctor hiring', 'rto doctor suspect', 'rto doctor spokespersons', 'www.rtodoctor.com.au rto doctor', 'australia appendices rto doctor vet bootcamp', 'recent rto doctor newsletter', 'many training providers']",None,"['Education, Healthcare', 'from_classification_model']",None,"['$770,520 USD', 'https://www.dnb.com/business-directory/company-profiles.rto_doctor_pty_ltd.9182a47fb19323b06642b3aef8eb75f0.html']",None,None,None,"['Proprietorship Parent', 'https://www.dnb.com/business-directory/company-profiles.rto_doctor_pty_ltd.9182a47fb19323b06642b3aef8eb75f0.html']",0.25,0.25,0.0,0.0,0.125
The Medical Journal of Australia: Home,https://www.mja.com.au/,person_outline Login. Individual Login; Login · Create an account; Purchase options; Subscribe to the MJA · COVID-19 · Online first · Current issue · Archive ...,mja,"['PO Box 6090, KINGSTON ACT 2604', 'https://ama.com.au/login?destination=login-sso/mja/eI7wvUGrWQKBBE56h5H4yTPvpK3F5s']","['gemma.carey@unsw.edu.au', 'https://www.mja.com.au/journal/2020/213/3/national-disability-insurance-scheme-and-covid-19-collision-course']","['+61 2 6270 5400', 'https://ama.com.au/login?destination=login-sso/mja/eI7wvUGrWQKBBE56h5H4yTPvpK3F5s']","['j ferson med j aust', 'michael j bourke med j aust', 'med j aust', 'ian j constable med j aust', 'paul j beggs med j aust', 'raymond j mullins med j aust', 'alexander j thompson med j aust', 'malcolm j west med j aust', 'barrie j stokes med j aust', 'peter j mccluskey med j']","[['MATTHEW JOHN ADAMOS', 'Director'], 'https://www.dnb.com/business-directory/company-profiles.m_j_a_australia_pty_ltd.0e5e5541fd0cb362a7e42f04b7dd1c0b.html']","['Chemical Wholesale', 'https://app.avention.com/company/f72a2c65-5b06-307d-9abe-e7914587b0c4#report/company_summary']","[' 1 May 2000', 'https://opencorporates.com/companies/au/092630889']","['9.3M', 'https://app.avention.com/company/f72a2c65-5b06-307d-9abe-e7914587b0c4#report/company_summary']",None,"['Australia', 'https://opencorporates.com/companies/au/092630889']","['16', 'https://app.avention.com/company/f72a2c65-5b06-307d-9abe-e7914587b0c4#report/company_summary']","['Private Independent', 'https://app.avention.com/company/f72a2c65-5b06-307d-9abe-e7914587b0c4#report/company_summary']",0.25,0.25,0.25,0.0,0.1875
eQAfy | data_ services and tools for better university websites,https://www.eqafy.com/,measuring  analysing and benchmarking higher education and corporate online digital effectiveness so audiences can get the best experiences,eqafy,None,"['notices@eqafy.com', 'https://www.eqafy.com/help.html']",None,"['higher education institution websites', 'higher education website visitors', 'website content', 'other website pages', 'higher education website searches', 'most higher education websites', 'uk higher education websites', 'website content management', 'higher education website privacy', 'current higher education websites']","[['Howard John BABINGTON', ' director'], 'https://opencorporates.com/companies/nz/2178377']","['IT - Software, Services - professional, scientific, and technical', 'from_classification_model']","[' 8 October 2008', 'https://opencorporates.com/companies/nz/2178377']",None,None,"['New Zealand', 'https://opencorporates.com/companies/nz/2178377']",None,"['NZ Limited Company', 'https://opencorporates.com/companies/nz/2178377']",0.0,0.0,0.0,0.0,0.0
Instructure | Educational Software Development,https://www.instructure.com/,Instructure's educational software includes Canvas LMS  used by schools and universities worldwide. Learn why Instructure is a great place to work and to invest in.,instructure,"['Level  22 , One Wharf Lane, 171 Sussex St, Sydney NSW 2000 Australia', 'https://www.instructure.com/en-au']",None,"['+61 2 8038 5069', 'https://www.instructure.com/en-au']","['bridge employee development plans', 'employee learning', 'employee development tools', 'de canvas', 'employee development solutions', 'employee development software', 'more effective employee development', 'continuous employee development', 'ongoing employee development', 'instructure employees']","[['Dan Goldsmith', 'CEO'], 'https://www.instructure.com/canvas/en-gb/blog/note-from-instructure-new-ceo-dan-goldsmith']","['Education, IT - Software', 'from_classification_model']",None,None,None,None,None,None,1.0,0.25,0.0,0.0,0.3125
RANZCR: Home,https://www.ranzcr.com/,RANZCR drives optimum health outcomes by leading  training and sustaining our professionals in radiation oncology and clinical radiology. More about the ...,ranzcr,"['Level  9 , 51 Druitt Street Sydney NSW 2000 Australia', 'https://www.ranzcr.com/']","['ranzcr@ranzcr.edu.au', 'https://www.crunchbase.com/organization/royal-australian-and-new-zealand-college-of-radiology']","['+61 2 9802 2074', 'https://www.ranzcr.com/college/member-rewards']",None,"[['Lance James Lawler', 'Director'], 'https://app.avention.com/company/f1752665-d3be-3a82-ad31-14336f81db75#report/company_summary']","['Associations and Organizations', 'https://app.avention.com/company/f1752665-d3be-3a82-ad31-14336f81db75#report/company_summary']","['10 April 2019', 'https://opencorporates.com/companies/nz/7394276']","['12M', 'https://app.avention.com/company/f1752665-d3be-3a82-ad31-14336f81db75#report/company_summary']",None,"[' Sydney, New South Wales, Australia', 'https://www.crunchbase.com/organization/royal-australian-and-new-zealand-college-of-radiology']","['60', 'https://app.avention.com/company/f1752665-d3be-3a82-ad31-14336f81db75#report/company_summary']","['Private Parent, Headquarters', 'https://app.avention.com/company/f1752665-d3be-3a82-ad31-14336f81db75#report/company_summary']",0.625,0.25,0.375,0.0,0.3125
SmartyGrants | Home,https://smartygrants.com.au/,SmartyGrants is Australia's most-used and best-loved grants administration system.,smartygrants,"['552 Victoria Street North Melbourne, Victoria 3051 Australia', 'https://smartygrants.com.au/contact-us']","['ate@katecaldecott.com.au', 'https://smartygrants.com.au/about/consultants']","['+61 3 9320 6888', 'https://smartygrants.com.au/contact-us']","['grants programs', 'grant application assessments', 'existing grants programs', 'grant program design', 'grant funding', 'equitable grants programs', 'administer grants programs', 'quality grant applications', 'smartygrants smartygrants', 'community grants']","[['Denis Moriarty', 'founder'], 'https://smartygrants.com.au/about/our-team']","['Finance and insurance, IT - Software', 'from_classification_model']",None,None,None,None,None,None,0.25,0.25,0.0,0.0,0.125
Cengage | Publisher for the school and higher education ...,https://cengage.com.au/,Cengage Australia is a leading provider of learning solutions for the school and higher education markets for Australia and New Zealand. ,cengage,None,None,None,None,"[['Nicole McCarten ', 'Vice President_Cengage Australia'], 'None']","['IT - Software, Education', 'from_classification_model']","['24 August 2007', 'https://opencorporates.com/companies/nz/1978556']","['$28M', 'None']","['$0', 'None']","['New Zealand', 'https://opencorporates.com/companies/nz/1978556']","['37', 'None']","['Foreign\xa0Company Subsidiary', 'https://www.dnb.com/business-directory/company-profiles.cengage_learning_australia_pty_limited.3ce85410e11c00a67f990e47de5d732b.html']",0.0,0.0,0.25,0.0,0.0625
Cubic | Defense_ Transportation_ C4ISR,https://www.cubic.com/,,cubic,"['MARRICKVILLE2204New South WalesAustralia', 'https://opencorporates.com/companies/au/639724717']","['paul.bequette@cubic.com', 'https://www.cubic.com/customers-contracts']","['+646-277-1970', 'https://www.cubic.com/news-events/news/cubic-and-la-metro-enable-tap-card-iphone-and-apple-watch']","['cubic global defense services cubic', 'ebitda cubic', 'increased air combat training system sales', 'u.s. cubic', 'virtual training system sales', 'cgd systems sales', 'ground combat training system sales', 'cubic defense systems', 'cubic global defense systems', 'system development contracts']","[['David Dekker', 'CEO'], 'https://ftsg.com.au/blog/cubic-consulting-appoints-david-dekker-as-chief-executive-officer/']","['Manufacturing, Finance and insurance', 'from_classification_model']","['12 March 2020', 'https://opencorporates.com/companies/au/639724717']",None,None,"['Australia', 'https://opencorporates.com/companies/au/639724717']",None,"['Australian Proprietary Company, Limited By Shares', 'https://opencorporates.com/companies/au/639724717']",0.0,0.25,0.0,0.0,0.0625
Nova Systems – Home,https://novasystems.com/,Nova Systems is a Professional Service Provider  specialising in the provision of engineering and management services  providing industry and government with world class independent expertise in delivering complex projects and solving technologically challenging problems,novasystems,"['27 -31 London Road, Mile End South SA 5031', 'https://novasystems.com/privacy-and-disclaimer/']","['tim.anderson@novasystems.com', 'https://novasystems.com/news/nova-systems-insights-digital-twin-energy-resources-sectors/']",None,"['nova systems utilities downloads nova systems', 'project nova systems', 'nova systems australia', 'nova systems companies', 'support nova systems', 'nova systems transport', 'nova systems expertise', 'nova systems satcom', 'nova systems personnel', 'training nova systems']","[['Jim Whalley', 'CEO'], 'https://novasystems.com/about-us/']","['IT - Software, Construction', 'from_classification_model']","['10 February 2003', 'https://opencorporates.com/companies/nz/1273054']",None,None,"['New Zealand', 'https://opencorporates.com/companies/nz/1273054']",None,"['NZ Limited Company', 'https://opencorporates.com/companies/nz/1273054']",0.25,0.0,0.0,0.0,0.0625
Training Compliance Software Solutions | Tutis Operations,https://www.tutis.com.au/,The Tutis training compliance software solutions take the complexity and risk out of compliance management. Tutis provides cloud based solutions across workforce capability  skillset and training management,tutis,"['level  11 /316 Adelaide St, Brisbane City QLD 4000', 'https://www.tutis.com.au/contact-us/']","['talent@tutis.com.au', 'https://www.tutis.com.au/available-positions/']","['+61 07 3020 7570', 'https://www.tutis.com.au/2016/07/07/tutiss-new-brisbane-office/']","['compliance tutis managed service tutis', 'compliance management tutis', 'tutis managed service tutis', 'workforce compliance tutis', 'training compliance management', 'compliance management software solutions', 'training compliance', 'tutis solution training', 'training management solution needs', 'effective compliance management solutions']","[['Sharyn Donaldson ', 'Director_Cavendo Tutis Pty ...'], 'from linkedin search google']","['IT - Software, Transport', 'from_classification_model']","['22 June 2016', 'https://opencorporates.com/companies/au/613180411']",None,None,"['Australia', 'https://opencorporates.com/companies/au/613180411']",None,"['Australian Proprietary Company, Limited By Shares', 'https://opencorporates.com/companies/au/613180411']",0.25,0.25,0.0,0.0,0.125
1 Education RTO 6639 | Qld Registered Training Organisation,https://www.1education.com.au/,,1education,"['2 Balmoral Avenue,  BUNDALL QLD 4217', 'https://www.1education.com.au/contact-us/']","['enquiries@1education.com.au', 'https://www.1education.com.au/']","['+61435 484 267', 'https://www.1education.com.au/contact-us/']","['training programs', 'additional foundation skills training', 'such programs', 'real life industry skills', 'certificate iv', 'certificate iii', 'skills assessments', 'many students', 'training services', 'certificate']","[['Clint Bryant ', 'Manager_ Educational Solutions_1 ...'], 'from linkedin search google']","['Education, Healthcare', 'from_classification_model']","['14 February 2008', 'https://opencorporates.com/companies/au/129700107']",None,None,"['Australia', 'https://opencorporates.com/companies/au/129700107']",None,"['Australian Proprietary Company, Limited By Shares', 'https://opencorporates.com/companies/au/129700107']",0.25,0.25,0.0,0.0,0.125
Study Group,https://www.studygroup.com/,Study Group partners with universities across the globe to prepare international students for degree level study. Our programmes help bridge academic  language and cultural gaps so students can start their degrees confidently.,studygroup,"['L 8 97-99 BATHURST ST SYDNEY, NEW SOUTH WALES, 2000 Australia', 'https://www.dnb.com/business-directory/company-profiles.study_group_finance_pty_limited.0642b6ace29f0aa854af333f62593742.html']",None,"['+61-282631888', 'https://www.dnb.com/business-directory/company-profiles.study_group_finance_pty_limited.0642b6ace29f0aa854af333f62593742.html']","['study group pathway programmes', 'study group uk limited', 'study group pathway programs', 'study group', 'international students', 'university preparation programmes', 'successful international study centre students', 'talented international students', 'other ambitious international students', 'leading universities']","[['Emma Lancaster', 'CEO'], 'https://corporate.studygroup.com/about-study-group/the-board/the-board/emma-lancaster']","['Education, Arts, entertainment and recreation', 'from_classification_model']","['26 July 2006', 'https://opencorporates.com/companies/au/120929311']","['$103.12 million USD', 'https://www.dnb.com/business-directory/company-profiles.study_group_finance_pty_limited.0642b6ace29f0aa854af333f62593742.html']",None,"['Australia', 'https://opencorporates.com/companies/au/120929311']",None,"['Proprietorship Subsidiary', 'https://www.dnb.com/business-directory/company-profiles.study_group_finance_pty_limited.0642b6ace29f0aa854af333f62593742.html']",0.0,0.0,0.375,0.0,0.09375
Cloud-based HR & Payroll Software Solutions | ELMO Software,https://www.elmosoftware.co.nz/,Australia & New Zealand’s only integrated cloud HR  payroll  and rostering / time & attendance solution  offering: ONE vendor  ONE dashboard  ONE user-experience. Book a free demo today.,elmosoftware,"['level 27/580 George St, Sydney NSW 2000', ['ELMO Software, address', 'knowledge_panel']]",None,"['+61-283054600', 'https://www.dnb.com/business-directory/company-profiles.elmo_software_limited.4ff224532fd661241518bec6947b54f2.html']",None,"[['Danny Isaac Lessem', 'CEO'], 'https://au.wallmine.com/asx/elo/officer/1805359/danny-isaac-lessem']","['Finance and insurance, IT - Software', 'from_classification_model']","[' 9 October 2002', 'https://opencorporates.com/companies/au/102455087']","['$32.76 million USD', 'https://www.dnb.com/business-directory/company-profiles.elmo_software_limited.4ff224532fd661241518bec6947b54f2.html']",None,"['Australia', 'https://opencorporates.com/companies/au/102455087']",None,"['Public\xa0Limited\xa0Company Parent', 'https://www.dnb.com/business-directory/company-profiles.elmo_software_limited.4ff224532fd661241518bec6947b54f2.html']",0.375,0.0,0.375,0.0,0.1875
National Tertiary Education Union: Home,https://www.nteu.org.au/,The union for Australian tertiary education staff. Join us now!,nteu,"['4 Briggs Street  Taringa QLD 4068', 'http://www.nteu.org.au/qld']",None,"['+618 8927 9410', 'http://www.nteu.org.au/nt']","['nteu national assistant secretary nteu university', 'nteu university', 'nteu vic nteu', 'deakin university nteu', 'casual uwa nteu members', 'casual university staff', 'nteu national', 'nteu national president', 'nteu casual delegates', 'many casual university staff']","[['Alison Barnes', 'CEO'], 'https://www.nteu.org.au/myunion/about_us/national_office/national_president']","['Education, Mining, oil and gas', 'from_classification_model']",None,None,None,None,None,None,0.25,0.25,0.0,0.0,0.125
Good Universities Guide: Find University and TAFE Courses,https://www.gooduniversitiesguide.com.au/,,gooduniversitiesguide,"['1030 Cavendish Road  Mount gravatt Queensland 4122', 'https://www.gooduniversitiesguide.com.au/course-provider/university-of-canberra/campuses']","['info@goodeducation.com.au', 'https://www.gooduniversitiesguide.com.au/privacy-policy']","['1800 682 133', 'https://www.gooduniversitiesguide.com.au/privacy-policy']","['other students', 'such courses', 'university students', 'research students', 'other future students', 'many research students', 'most university students', 'student exchange programs', 'students', 'school students']","[['CEO Lakhmir Mahar', 'CEO'], 'https://www.gooduniversitiesguide.com.au/course-provider/victorian-international-academy']","['Education, Arts, entertainment and recreation', 'from_classification_model']",None,"['$438,165 USD', 'https://www.dnb.com/business-directory/company-profiles.ashenden_milligan_pty_ltd.653a81830625ad4ff5ae0963bd9ca7c5.html']",None,None,None,"['Proprietorship Parent', 'https://www.dnb.com/business-directory/company-profiles.ashenden_milligan_pty_ltd.653a81830625ad4ff5ae0963bd9ca7c5.html']",0.25,0.25,0.0,0.0,0.125
INDEX Consultants | Providing Awesome Professional IT ...,https://www.index.com.au/,INDEX Consultants offer awesome IT professional services and solutions through their extensive network of specialist people and partnerships who deliver exceptional business outcomes for our clients.,ibfex,"['Level 9, 224 Bunda Street  Canberra, ACT 2601', 'https://www.index.com.au/']","['qld@index.com.au', 'https://www.index.com.au/']","['+613 9963 4860', 'https://www.index.com.au/']","['’s time', 'good days', 'great ways', 'work time', 'more time', 'new ways', 'more quality time', 'make', 'family time', 'next time']","[['THOMAS CHRISTOPHER MOLLARD', 'Director'], 'https://www.dnb.com/business-directory/company-profiles.the_executive_index_pty_ltd.cd684d410699ba240b385d62a6b8132e.html']","['Healthcare, Transport', 'from_classification_model']",None,"['$445,490 USD', 'https://www.dnb.com/business-directory/company-profiles.the_executive_index_pty_ltd.cd684d410699ba240b385d62a6b8132e.html']",None,None,None,"['Proprietorship Independent', 'https://www.dnb.com/business-directory/company-profiles.the_executive_index_pty_ltd.cd684d410699ba240b385d62a6b8132e.html']",0.25,0.25,0.0,0.0,0.125
SAP Litmos LMS: Learning Management System | eLearning ...,https://www.litmos.com/,Deliver training anytime  anywhere with our easy to use learning management system  pre-built courses  and e-learning solutions. Start a free trial today.,litmos,"['Suite  115 Vancouver, WA 9868', 'https://www.litmos.com/en-AU/contact-us']","['partners@litmos.com', 'https://www.litmos.com/en-AU/reviews']","['+61 1300 133 151', 'https://www.litmos.com/en-AU/reviews']","['sap litmos training e sap litmos training content', 'sap litmos training—と強固なコースライブラリー—sap litmos training', 'sap litmos', 'sap litmos training', 'sap litmos training lms', 'sap litmos processing', 'sap litmos training content', 'perché sap litmos', 'germania sap litmos', 'sap litmos porque']","[['Anna Kelly ', 'General Manager_Litmos by SAP'], 'from linkedin search google']","['IT - Software, Mining, oil and gas', 'from_classification_model']",None,None,None,None,None,None,0.25,0.25,0.0,0.0,0.125
ANZ IBD Consortium – Australia New Zealand Inflammatory ...,http://www.anzibdc.com/,,anzibdc,None,None,None,"['prof michael schultz anzibdc prof jane andrews crohn', 'colitis care', 'ibd care', 'crohn', 'royal adelaide hospital', 'website royal adelaide hospital', 'dr gillian mahy recent posts crohns colitis care', 'dr soleiman kashkooli scientific research post navigation', 'ibd', 'hospital']","[['Ian Lawrance ', 'University of Western Australia_LinkedIn'], 'from linkedin search google']","['Healthcare, Education', 'from_classification_model']",None,None,None,None,None,None,0.0,0.0,0.0,0.0,0.0
Echo360 - The Smarter Video Platform for Higher Ed and ...,https://echo360.com/,Combining video management with lecture capture to increase student success. With a new CMS  engagement tools & analytics-it's the only platform you'll need,echo360,"['Camperdown NSW 2006', ['The University of Sydney, address', 'knowledge_panel']]","['privacy@echo360.com', 'https://echo360.com/privacy/']",None,"['student learning', 'student video views', 'student video view data', 'student video embed tools', 'other students', 'student learning outcomes', 'student learning behaviors', 'online students', 'student use', 'supporting students']","[['Fred Singer', 'CEO'], 'https://www.news.uwa.edu.au/aug-2007/us-company-acquires-uwa-developed-lectopia-system']","['IT - Software, Education', 'from_classification_model']",None,None,None,None,None,None,0.0,0.0,0.0,0.0,0.0
Advancing the World of Health - United States | BD,https://www.bd.com/en-us,At BD  we seek to usher in a new era of healthcare by bringing medical products  capabilities and solutions to every corner of the world.,bd,None,"['cgarrett@engineersaustralia.org.au', 'https://www.crunchbase.com/organization/engineers-australia']","['+649-8870 780', 'https://www.bd.com/fi-fi/about-bd/services/training']","['bd bd', 'acerca de bd bd', 'bd og bd', 'bd facsaria door de bd', 'le monde de la santé bd bd diagnostics bd', 'quality policy acerca de bd bd', 'de prestaties van bd', 'faire progresser le monde de la santé bd bd diagnostics bd', 'van bd', 'de bd son']","[['Forlenza', 'CEO'], 'https://www.bd.com/contentmanager/b_article.asp?Item_ID=26712&ContentType_ID=1&BusinessCode=20001&d=&s=&dTitle=&dc=&dcTitle=']","[['AssociationNon Profit'], 'https://www.crunchbase.com/organization/engineers-australia']","['1919', 'https://www.crunchbase.com/organization/engineers-australia']",None,"['$0', 'None']","[' Canberra, Australian Capital Territory, Australia', 'https://www.crunchbase.com/organization/engineers-australia']","['122', 'None']","['Private', 'https://www.crunchbase.com/organization/engineers-australia']",0.0,0.25,0.0,0.0,0.0625
LinkedIn Ecuador: inicio de sesión o registro,https://ec.linkedin.com/,Más de 675 millones de miembros | Gestiona tu identidad profesional. Amplía e interactúa con tu red profesional. Accede a conocimientos  información y oportunidades.,ec.linkedin,None,"['empresas@unmejorempleo.com', 'https://www.unmejorempleo.com.ec/empleo-en_guayas_coordinador_de_cobranzas_para_constructora_en_duran-4829762.html']","['+6499 948 4790', 'https://ec.linkedin.com/jobs/view/agentes-asociados-de-bienes-ra%C3%ADces-at-remax-prohabitat-2224959465?refId=677eca5e-1e1e-462c-b5cf-bd7a7fd51160&position=4&pageNum=0&trk=public_jobs_job-result-card_result-card_full-click']","['de la industria de materiales de', 'de depósitos de puntos de venta', 'y seguimiento de depósitos de puntos de venta', 'medio de la supervisión de la fuerza de ventas', 'y grupo de referencia de la', 'de negociación de los', 'y estrategias de movilización de', 'de gestión de agua', 'manejo de objeciones de', 'de definir estrategias de']","[['Emy Carr', 'Managing_Director'], 'https://au.linkedin.com/in/emycarr']","['Education, Finance and insurance', 'from_classification_model']",None,None,None,None,None,None,0.0,0.25,0.0,0.0,0.0625
GoToNewZealand Agency - Free Go to New Zealand Advice ...,https://www.gotonewzealand.co.nz/,GotoNew Zealand - Achieve your dream to go to New Zealand! Come to New Zealand - Free Go To New Zealand Services by registered education and immigration agents who will answer your questions. Go to New Zealand with the help of our team!,gotonewzealand,"['222 / 52 Currumbin Creek Road Currumbin Waters, QLD 4223 Australia', 'https://www.gotonewzealand.co.nz/disclaimer/']","['melanie@australien-ausbildung.com', 'https://www.gotonewzealand.co.nz/diploma-business-new-zealand/']","['0800 724 357', 'https://www.gotonewzealand.co.nz/vocational-education-and-training-new-zealand/']","['new zealand new zealand', 'new zealand internship new zealand', 'new zealand new zealand lifestyle', 'new zealand university courses new zealand', 'new zealand new zealand student accommodation', 'abroad new zealand new zealand school', 'new zealand visa new zealand seasonal fruit', 'new zealand new zealand internship news institutes', 'postgraduate studies new zealand new zealand universities', 'new zealand private training providers new zealand']","[['STEPHEN FRENCH', 'Director'], 'https://www.dnb.com/business-directory/company-profiles.beelzebub_limited.774d635a1dc8c3eaeb8d6ed3cadf5453.html']","['Education, Arts, entertainment and recreation', 'from_classification_model']","['25 March 2008', 'https://opencorporates.com/companies/nz/2104458']","['$1.24 million USD', 'https://www.dnb.com/business-directory/company-profiles.beelzebub_limited.774d635a1dc8c3eaeb8d6ed3cadf5453.html']",None,"['New Zealand', 'https://opencorporates.com/companies/nz/2104458']",None,"['Limited\xa0Company Independent', 'https://www.dnb.com/business-directory/company-profiles.beelzebub_limited.774d635a1dc8c3eaeb8d6ed3cadf5453.html']",0.25,0.25,0.0,0.0,0.125
Weworkbook - Student Management System,https://www.weworkbook.com/,Weworkbook is a cloud-based Student Management System which provides an all in one  intuitive solution for Student Management  course scheduling  AVETMISS reporting  business performance oversight  and much more,weworkbook,"['08 ) 8165 0499  ADD 28/2 Portrush Rd, Payneham SA 5070', 'https://www.weworkbook.com/one-minute-snapshots.php']","['enquiries@oaic.gov.au', 'https://www.weworkbook.com/privacy-policy.php']","['1300 363 992', 'https://www.weworkbook.com/privacy-policy.php']","['dna progression', 'strength dna progression', 'installation fee dna progression', 'dna progression pty ltd abn', 'weworkbook users', 'third party personal information', 'subscriber content', 'third party personal information subscribers', 'other subscriber accounts', 'third party personal information must']","[['Terence Corcoran ', 'Business Manager_All Saints ...'], 'from linkedin search google']","['IT - Software, Finance and insurance', 'from_classification_model']","['21 September 2017', 'https://opencorporates.com/companies/au/621848600']","['$145,811 USD', 'https://www.dnb.com/business-directory/company-profiles.the_trustee_for_dna_progression_trust.073ccbd2b2083dd396c55fa19280fc11.html']",None,"['Australia', 'https://opencorporates.com/companies/au/621848600']",None,"['Independent', 'https://www.dnb.com/business-directory/company-profiles.the_trustee_for_dna_progression_trust.073ccbd2b2083dd396c55fa19280fc11.html']",0.5,0.25,0.0,0.0,0.1875
PMI Australia Conference,https://www.pmiaustraliaconference.org.au/,,pmiaustraliaconference,"['PO Box 90-040, Auckland 1142 New Zealand', 'https://www.pmiaustraliaconference.org.au/contact-us/']","['jan@partnerandprosper.com.au', 'https://www.pmiaustraliaconference.org.au/sponsors/']","['+64 9 360 1240', 'https://www.pmiaustraliaconference.org.au/contact-us/']","['australia new zealand virtual project management conference', 'new zealand virtual project management conference', 'organisational project management', 'project management expertise', 'advanced project management', 'project teams', 'project leaders', 'projects', 'project portfolios', 'project manager']","[['Suzana Chou ', 'Director_Finance'], 'from linkedin search google']","['Education, IT - Software', 'from_classification_model']",None,None,None,None,None,None,0.25,0.25,0.0,0.0,0.125
iMedX - The Leader in RCM and Clinical Documentation,https://imedx.com/,We work with physicians’ groups and hospitals to streamline their revenue cycle and create insightful clinical documentation. Our solutions allow doctors to focus on what matters – their patients,imedx,"['110/12/14 Cato St, Hawthorn East VIC 3123', ['iMedX Australia, address', 'knowledge_panel']]","['bcunningham@imedx.com', 'https://imedx.com/imedx-acquires-ozescribe-to-expand-medical-documentation-services/']","['+61-390388565', 'https://www.dnb.com/business-directory/company-profiles.imedx_australia_pty_ltd.962d43c5236fff8ccefbd51c2358c20b.html']","['medical documentation solutions company', 'medical transcription health care services', 'medical documentation solutions', 'medical coding solutions', 'revenue cycle management services', 'high quality medical documentation', 'medical transcription technology', 'quality medical documentation', 'imedx documentation solutions', 'health information solutions']","[['Scott Grimshaw ', 'Greater Melbourne Area ..._LinkedIn'], 'None']","['IT - Software, Services - professional, scientific, and technical', 'from_classification_model']",None,"['$1.38 million USD', 'https://www.dnb.com/business-directory/company-profiles.imedx_australia_pty_ltd.962d43c5236fff8ccefbd51c2358c20b.html']",None,None,None,"['Proprietorship Subsidiary', 'https://www.dnb.com/business-directory/company-profiles.imedx_australia_pty_ltd.962d43c5236fff8ccefbd51c2358c20b.html']",0.75,0.0,0.375,0.0,0.28125
MBA Directors Forum | Australia and New Zealands premier ...,https://www.mbadirectorsforum.com.au/,,mbadirectorsforum,None,"['contact@mbadirectorsforum.com.au', 'https://www.mbadirectorsforum.com.au/contact/']","['+61 7 3607 3812', 'https://www.mbadirectorsforum.com.au/contact/']","['nottingham university business school', 'business school', 'executive director harvard business school', 'melbourne business school graduate management education', 'melbourne business school', 'sydney business school', 'london business school', 'harvard business school', 'uts business school', 'unsw business school']","[[""Victoria O'Connor "", 'Principal_MBA Solutions'], 'from linkedin search google']","['Education, Mining, oil and gas', 'from_classification_model']",None,None,None,None,None,None,0.0,0.25,0.0,0.0,0.0625
EventsAIR: Event Management Software for In Person_ Virtual ...,https://eventsair.com/,EventsAIR Empowers Event Leaders to Create Amazing Experiences. Events professionals around the globe use our event management software for everything from mid-scale conferences to world events. A full-featured platform with everything you need to minimize risk and maximize returns.,eventsair,"['PO Box 299 NEWFARM, QLD 4005 Australia', 'https://eventsair.com/privacy-policy-mobile-application/']","['info@centiumsoftware.com', 'https://eventsair.com/privacy-policy-mobile-application/']","['+61 7 3063 3700', 'https://eventsair.com/']","['virtual events', 'event attendees', 'event management', 'events', 'event management solution', 'successful virtual events', 'live events', 'event services', 'event organizers', 'hybrid events']","[['Trevor Gardiner', 'CEO'], 'https://eventsair.com/winners-best-new-product-eventsstream-engage/']","['IT - Software, Utilities', 'from_classification_model']","[' 1 March 2006', 'https://opencorporates.com/companies/au/118594479']",None,None,"['Australia', 'https://opencorporates.com/companies/au/118594479']",None,"['Australian Proprietary Company, Limited By Shares', 'https://opencorporates.com/companies/au/118594479']",0.25,0.25,0.75,0.0,0.3125
Civica US homepage | Civica,https://www.civica.com/,Civica are a global IT-based services partner in digital solutions  software applications  and managed services.,civica,"[""L 10 163-175 O'Riordan St Mascot, New South Wales, 2020 Australia"", 'https://app.avention.com/company/4895ae9b-451d-3cb5-94ad-bef693554a44#report/company_summary']","['compliance@civica.co.uk', 'https://www.civica.com/en-au/civica-election-services-privacy-policy/']","['+61 2 8324 3000', 'https://www.civica.com/en-au/']","['civica northstar civica', 'civica election services civica', 'digital services customer service business process services', 'government digital services', 'public cloud services', 'public service organisations', 'improved customer services', 'deliver civica', 'field service management civica group limited', 'civica customers']","[['Ben Cowling', 'Managing_Director'], 'https://www.civica.com/en-au/container---news-library/civica-broadens-management-team-and-invests-for-growth-in-apac/']","['Computer Programming', 'https://app.avention.com/company/4895ae9b-451d-3cb5-94ad-bef693554a44#report/company_summary']",None,"['120M', 'https://app.avention.com/company/4895ae9b-451d-3cb5-94ad-bef693554a44#report/company_summary']",None,None,"['890', 'https://app.avention.com/company/4895ae9b-451d-3cb5-94ad-bef693554a44#report/company_summary']","['Private Subsidiary, Headquarters', 'https://app.avention.com/company/4895ae9b-451d-3cb5-94ad-bef693554a44#report/company_summary']",0.0,0.25,0.0,0.0,0.0625
Truss RTO - Smarter_ Friendlier Cloud-based Student ...,https://trussrto.io/,Smarter  Friendlier cloud-based Student Management for Growing RTOs. Serving eLearning and Face to Face  Fee for Service and Funded  CRICOS and Domestic.,trussrto.io,"['PO Box 1234 , Melbourne VIC 3001', 'https://trussrto.io/blog/bring-out-your-data-are-you-ready-to-lodge-avetmiss.aspx']","['hello@truss.io', 'https://trussrto.io/pricing.aspx']","['1300 221 475', 'https://trussrto.io/pricing.aspx']","['truss rto systems', 'truss rto users', 'truss rto smart', 'truss rto simple', 'truss rto enterprise', 'truss rto clients', 'laws truss rto', 'vettrak truss rto', 'truss rto student management system', 'truss rto video series']","[['FERDINAND ACOBA TUMPALAN', 'Director'], 'https://www.dnb.com/business-directory/company-profiles.portavin_nsw_pty_ltd.93aca941962c3cc000f500aa311361f0.html']","['IT - Software, Education', 'from_classification_model']",None,"['$11.35 million USD', 'https://www.dnb.com/business-directory/company-profiles.portavin_nsw_pty_ltd.93aca941962c3cc000f500aa311361f0.html']",None,None,None,"['Proprietorship Subsidiary', 'https://www.dnb.com/business-directory/company-profiles.portavin_nsw_pty_ltd.93aca941962c3cc000f500aa311361f0.html']",0.25,0.25,0.0,0.0,0.125
FYA | Welcome home,https://www.fya.org.au/,Welcome home,fya,"['21-27 Somerset Pl Melbourne, VICTORIA, 3000 Australia', 'https://www.dnb.com/business-directory/company-profiles.the_foundation_for_young_australians.48465082e52df27484e7803da5d23b10.html']","['newsroom@fya.org.au', 'https://www.fya.org.au/2020/03/12/keeping-up-with-coronavirus-covid-19-things-you-should-know/']","['1800 675 398', 'https://www.fya.org.au/2020/03/12/keeping-up-with-coronavirus-covid-19-things-you-should-know/']","['other young people', 'many young people', 'covid-19 young people', 'regional young people', 'empower young people', 'more people', 'many more people', 'other people', 'many first nations young people', 'good people']","[['Jan Owen AM ', 'Co_Founder'], 'None']","['Arts, entertainment and recreation, Education', 'from_classification_model']","['17 October 2019', 'https://opencorporates.com/companies/au/636883942']","['$3.78 million USD', 'https://www.dnb.com/business-directory/company-profiles.the_foundation_for_young_australians.48465082e52df27484e7803da5d23b10.html']",None,"['Australia', 'https://opencorporates.com/companies/au/636883942']",None,"['Public\xa0Limited\xa0Company Independent', 'https://www.dnb.com/business-directory/company-profiles.the_foundation_for_young_australians.48465082e52df27484e7803da5d23b10.html']",0.0,0.25,0.375,0.0,0.15625
CPA Australia: Home,https://www.cpaaustralia.com.au/,CPA online provides members with a complete range of finance  accounting and business information services.,cpaaustralia,"['Level  9 , 29 Customs St West AMP Centre Auckland 1143', 'https://www.cpaaustralia.com.au/about-us/our-organisation/councils-and-committees/divisional-committees/new-zealand']","['mais.advisory@cpaaustralia.com.au', 'https://www.crunchbase.com/organization/cpa-australia-ltd']","['+61 3 9606 9677', 'https://login.cpaaustralia.com.au/Account/SignIn?ReturnUrl=%2Fissue%2Fwsfed%3Fwa%3Dwsignin1.0%26wtrealm%3Durn%253aSitecore9Prod%26wctx%3Drm%253d0%2526id%253da2c2a8e9-80df-4030-a34a-5b8bf4b3c907%2526ru%253d%25252fmember-services%25252frenew-my-membership%25252fmembers-on-reduced-fees%26wct%3D2020-10-23T06%253a19%253a11Z']","['cpa australia board', 'cpa australia advice', 'various cpa australia', 'cpa australia limited', 'cpa australia training', 'cpa australia sector', 'cpa australia staff', 'contact cpa australia', 'cpa australia by', 'cpa australia nominee']","[['ADAM AWTY', 'Chief Executive Officer'], 'https://www.dnb.com/business-directory/company-profiles.cpa_australia_ltd.0dc36211ce062f607bdef8d285255a3a.html']","[['Accounting'], 'https://www.crunchbase.com/organization/cpa-australia-ltd']","['Apr 12, 1886', 'https://www.crunchbase.com/organization/cpa-australia-ltd']","['$114.19 million USD', 'https://www.dnb.com/business-directory/company-profiles.cpa_australia_ltd.0dc36211ce062f607bdef8d285255a3a.html']",None,"[' Southbank, Victoria, Australia', 'https://www.crunchbase.com/organization/cpa-australia-ltd']",None,"['Private', 'https://www.crunchbase.com/organization/cpa-australia-ltd']",0.25,0.25,0.0,0.0,0.125
Bluegem - Complete Training Management Provider in Australia,https://bluegem.com.au/,"Bluegem Software is an effective integrated learning  student and training management system for RTOs and corporate training organisations._Bluegem Software is an effective integrated learning  student and training management system for RTOs and corporate training organisations._The complete training management system for workforce planning & development
A software system for RTOs and Training Organisations that successfully delivers on functionality and simplicity.    
Video",bluegem,"['Suite  20 , 18 Stirling Highway Nedlands, Western Australia 6009', 'https://bluegem.com.au/contact-us/']","['cozzib@bluegem.com.au', 'https://blog.bluegem.com.au/rss.xml']","['+61 8 9389 9800', 'https://bluegem.com.au/']","['good corporate training systems', 'student management system vendors', 'training business', 'more student management systems', 'avetmiss compliant student management systems', 'rto compliant training management systems', 'data systems', 'inadequate student management systems', 'generic student management systems', 'new corporate training software solutions']","[['Bruno Cozzi', 'Managing_Director'], 'https://au.linkedin.com/in/bruno-cozzi-5b44657']","['IT - Software, Education', 'from_classification_model']","['12 March 2020', 'https://opencorporates.com/companies/au/639713536']",None,None,"['Australia', 'https://opencorporates.com/companies/au/639713536']",None,"['Australian Proprietary Company, Limited By Shares', 'https://opencorporates.com/companies/au/639713536']",0.25,0.25,0.75,0.0,0.3125
revolutioniseSPORT: online sports management,https://www.revolutionise.com.au/,"revolutioniseSPORT is an online cloud-based platform for
sports club management  including membership and finances  competition management  governance tools  and more. 
Suited for all types and levels of sport  from grassroots clubs to elite sports. Proud partner of the Service NSW Active Kids Rebate._revolutioniseSPORT is an online cloud-based platform for sports management  including membership and finances  competition management  governance tools  and more. We cater for a range of organisations - from grassroots clubs to elite sports.",revolutionise,"['32 , 11-21 Underwood Rd, Homebush NSW 2140', 'https://www.revolutionise.com.au/contact-us/']",None,"['+61 2 9746 5389', 'https://www.revolutionise.com.au/contact-us/']",None,"[['JAYN EARLE', 'Director'], 'https://www.dnb.com/business-directory/company-profiles.australasian_scooter_association_ltd.431b596e7254cc620a5ef334964977d8.html']","['Education, Agriculture', 'from_classification_model']",None,"['$924,000 USD', 'https://www.dnb.com/business-directory/company-profiles.australasian_scooter_association_ltd.431b596e7254cc620a5ef334964977d8.html']",None,None,None,"['Public\xa0Limited\xa0Company Independent', 'https://www.dnb.com/business-directory/company-profiles.australasian_scooter_association_ltd.431b596e7254cc620a5ef334964977d8.html']",0.625,0.25,0.0,0.0,0.21875
Excel Education | Study Abroad_ Overseas Education ...,https://www.e2studysolution.com/,... Scholarship Check · Pathway Check · University Consultation · Careers at Excel Education · Contact Us. Copyright © 2020 by E2 Study Solution Sdn Bhd.,e2studysolution,"['Suite  808 , 368 Sussex Street Sydney, NSW 2000 Australia', 'https://www.e2studysolution.com/']","['info.my@exceleducation.com.au', 'https://www.e2studysolution.com/']","['+61 424 988 337', 'https://www.e2studysolution.com/news/tips-to-applying-australian-permanent-residency-pr/']","['australia university', 'regional university university', 'curtin university university', 'segi university university', 'university murdoch university', 'south australia university', 'australia qs world university', 'ielts university student support', 'australia griffith university rankings', 'world university rankings apu university']",None,"['Education, Arts, entertainment and recreation', 'from_classification_model']",None,None,None,None,None,None,0.25,0.25,0.0,0.0,0.125
2020 Free Study - 2021 - Study Abroad,https://www.freestudy.com/,About FreeEducator. FreeEducator is a free study abroad and scholarships resource site for international students. FreeEducator was founded in August 2007 by ...,freestudy,"['Level  1 , 101 Currie Street, Adelaide, South Australia 5000 Australia', 'https://www.freestudy.com/apply-now-unisa-international-merit-scholarships-in-australia/']","['info@www.freestudy.com', 'https://www.freestudy.com/']","['+61 2 9351 2222', 'https://www.freestudy.com/top-universities-australia/']","['university students', 'international college students', 'many international students', 'international student visas', 'international student numbers', 'college students', 'excellent international students', 'education students', 'existing international students', 'most international students']","[['CEO Catriona', 'CEO'], 'https://www.freestudy.com/international-students-may-be-able-to-enter-in-australia-from-july/']","['Education, Arts, entertainment and recreation', 'from_classification_model']","['26 August 2012', 'https://opencorporates.com/companies/nz/3956418']",None,None,"['New Zealand', 'https://opencorporates.com/companies/nz/3956418']",None,"['NZ Limited Company', 'https://opencorporates.com/companies/nz/3956418']",0.25,0.25,0.0,0.0,0.125
YFU Student Exchange programs: Experience your world! 25+ ...,https://www.yfu.com.au/,If you are between 15-18 years  a YFU Student Exchange program offers a unique opportunity to explore the world. Over 25 destinations. Apply Online today!,yfu,"['Sydney, A2/1 Maitland Pl, Baulkham Hills NSW 2153', ['YFU Student Exchange, address', 'knowledge_panel']]","['info@yfu.com.au', 'https://www.yfu.com.au/discovery-sessions/']","['1800 654 947', 'https://www.yfu.com.au/']","['yfu host families', 'yfu exchange students', 'many host families', 'student exchange programs', 'high school students', 'secondary school students', 'yfu students', 'many families', 'host family members', 'most host families']","[['Rachel Andresen', 'Managing_Director'], 'https://about.yfu.org/history']","['Education, IT - Software', 'from_classification_model']","[' 5 December 2018', 'https://opencorporates.com/companies/au/630422203']","['$520,216 USD', 'https://www.dnb.com/business-directory/company-profiles.yfu_australia_limited.a52ace8f0e5a6a083d75a07e503701e7.html']",None,"['Australia', 'https://opencorporates.com/companies/au/630422203']",None,"['Public\xa0Limited\xa0Company Parent', 'https://www.dnb.com/business-directory/company-profiles.yfu_australia_limited.a52ace8f0e5a6a083d75a07e503701e7.html']",0.0,0.25,0.0,0.0,0.0625
Animal Industries Resource Centre,http://www.provetlearning.com.au/,,provetlearning,None,"['enrolments@provet.com.au', 'http://www.provetlearning.com.au/en-au/home.aspx']","['+61 7 3621 6005', 'http://www.provetlearning.com.au/en-au/home.aspx']","['veterinary nursing students', 'course login information', 'other students', 'student support', 'students', 'student support coordinators', 'student learning', 'australian veterinary association animal industries resource centre', 'small animal veterinary practice', 'personal information']","[['Jo Hatcher ', 'Chair Australian Veterinary Nurses ..._LinkedIn'], 'from linkedin search google']","['Education, Real estate', 'from_classification_model']","['1971', 'None']","['$5M', 'None']","['$0', 'None']",None,"['92', 'None']",None,0.0,0.25,0.0,0.0,0.0625
Find MBA Schools Worldwide • A Comprehensive MBA ...,https://find-mba.com/,A global MBA directory: 2000+ MBA schools & counting. MBA community discussion boards  MBA program info & top 10 lists help you find your MBA program.,find-mba,"['SUITE 215 LEVEL 2 72-80 MARINE PARADE COOLANGATTA, QUEENSLAND, 4225 Australia', 'https://www.dnb.com/business-directory/company-profiles.the_mba_partnership_(nsw)_pty_ltd.37de74d8a1b7d6186fa6e606ed15e655.html']",None,"['+61-755578755', 'https://www.dnb.com/business-directory/company-profiles.the_mba_partnership_(nsw)_pty_ltd.37de74d8a1b7d6186fa6e606ed15e655.html']","['mba degrees mba programs', 'mba students', 'mba school', 'many mba students', 'best mba programs', 'executive mba programs', 'international mba programs', 'many mba programs', 'prospective mba students', 'other mba programs']","[['GEOFFREY MISSEN', 'Director'], 'https://www.dnb.com/business-directory/company-profiles.the_mba_partnership_(nsw)_pty_ltd.37de74d8a1b7d6186fa6e606ed15e655.html']","['Education, Finance and insurance', 'from_classification_model']","['27 July 2020', 'https://opencorporates.com/companies/nz/8064317']","['$3.73 million USD', 'https://www.dnb.com/business-directory/company-profiles.the_mba_partnership_(nsw)_pty_ltd.37de74d8a1b7d6186fa6e606ed15e655.html']",None,"['New Zealand', 'https://opencorporates.com/companies/nz/8064317']",None,"['Proprietorship Subsidiary', 'https://www.dnb.com/business-directory/company-profiles.the_mba_partnership_(nsw)_pty_ltd.37de74d8a1b7d6186fa6e606ed15e655.html']",0.0,0.0,0.0,0.0,0.0
RTO student management & AVETMISS made easy ...,https://www.tuplesms.com/,tuple is the light-weight Student Management System that makes RTO compliance and AVETMISS reporting easy and affordable. With intuitive navigation  UNLIMITED user access from anywhere  any time and on any device with complete Cloud hosting  backup and security  tuple is the smart choice for smaller RTOs.,tuplesms,None,None,"['1300 425 596', 'https://www.tuplesms.com/']","['other tuple products', 'it tuple', 'import data tuple', 'other proprietary rights', 'standard student avetmiss data', 'other software systems', 'other consents', 'avetmiss data', 'other works', 'other software packages']",None,"['IT - Software, Finance and insurance', 'from_classification_model']",None,None,None,None,None,None,0.0,0.25,0.0,0.0,0.0625
D2L | Creators of the Brightspace Learning Management ...,https://www.d2l.com/,Created by D2L (formerly Desire2Learn)  Brightspace is the best LMS software for online learning and teaching. Discover how our learning solutions for schools and companies can help your organization today.,d2l,"['Suite 1144 Melbourne, Victoria 3004 Australia', 'https://www.d2l.com/en-eu/about/locations/']","['legal@d2l.com', 'https://www.d2l.com/fr-ca/legal/avis-et-procedure-de-retrait/']","['+61 3 9092 4400', 'https://www.d2l.com/en-eu/about/locations/']","['de d2l est de permettre', 'de sucesso de instituições de ensino superior que implementaram', 'de sucesso de ies', 'de aprendizagem e', 'espere más de su proveedor de plataforma de aprendizaje', 'de olhar de forma cuidadosa', 'experiência de aprendizagem apesar de não', 'de conteúdo e', 'la politique de d2l est de permettre', 'e instituições de ensino']","[['John Baker', 'CEO'], 'https://www.d2l.com/en-apac/about/']","['Education, IT - Software', 'from_classification_model']","['31 July 2019', 'https://opencorporates.com/companies/au/635227904']",None,None,"['Australia', 'https://opencorporates.com/companies/au/635227904']",None,"['Australian Proprietary Company, Limited By Shares', 'https://opencorporates.com/companies/au/635227904']",0.25,0.25,0.0,0.0,0.125
aXcelerate,https://www.axcelerate.com.au/,Make AVETMISS reporting and compliance easier  and manage every aspect of your training organisation— students  courses  assessments  scheduling  and more.,axcelerate,"['PO Box 1351, Toowong, QLD 4066', 'https://www.axcelerate.com.au/privacy-policy']","['careers@axcelerate.com.au', 'https://www.axcelerate.com.au/careers']","['+612 9054 1292', 'https://www.axcelerate.com.au/post/moocs-international-students']","['t axcelerate axcelerate', 'axcelerate vet student loans', 'axcelerate training', 'online assessments axcelerate', 'new axcelerate features', 'student assessment software', 'axcelerate’s fees', 'personal information axcelerate', 'home student assessments', 'student management systems']","[['Reay Mackay', 'Managing_Director'], 'https://au.linkedin.com/in/reaymackay']","['IT - Software, Education', 'from_classification_model']",None,None,None,None,None,None,0.25,0.25,0.0,0.0,0.125
Information Planet Australia | Study_ Work and Travel in Australia,https://www.informationplanet.com.au/,,informationplanet,"['373 -391 Ewingsdale Road Byron Bay New South Wales 2481 Australia', 'https://www.informationplanet.com.au/campuses/sae-institute-byron-bay']","['basma.ihmaidan@informationplanet.com.ve', 'https://www.informationplanet.com.au/ip-sydney']","['+61 7 5538 9973', 'https://www.informationplanet.com.au/campuses/ptg-gold-coast']","['melbourne information planet gold coast', 'international student education', 'envirotech gold coast langports gold coast apic melbourne study', 'gold coast ohc gold coast', 'many international students', 'english students', 'students', 'international students', 'gold coast study', 'other international students']","[['Mauricio Pucci', 'CEO'], 'https://www.informationplanet.com.au/about-us']","['Education, Construction', 'from_classification_model']","[' 3 September 2018', 'https://opencorporates.com/companies/au/628565211']","['$966,131 USD', 'https://www.dnb.com/business-directory/company-profiles.information_planet_group_pty_ltd.fe798a64cd79789f.html']",None,"['Australia', 'https://opencorporates.com/companies/au/628565211']",None,"['Proprietorship Subsidiary', 'https://www.dnb.com/business-directory/company-profiles.information_planet_group_pty_ltd.fe798a64cd79789f.html']",0.5,0.25,0.375,0.0,0.28125
Australian Institute of Food Science and Technology (AIFST),https://www.aifst.asn.au/,,aifst.asn.au,"['11 JULIUS AVENUE NORTH RYDE, NEW SOUTH WALES, 2113 Australia', 'https://www.dnb.com/business-directory/company-profiles.the_australian_institute_of_food_science__technology_incorporated.7177fe48dfaed07e2291c0f0a178c4e1.html']","['clive.russell@aifst.com.au', 'https://www.aifst.asn.au/2019-AIFST-Convention']","['+61 407 066 188', 'https://www.aifst.asn.au/2019-AIFST-Convention']","['food products', 'food australia', 'food safety', 'food safety programs', 'food safety risks', 'food scientists', 'food plants', 'food production', 'food regulations', 'other food industry professionals']",None,"['Education, Arts, entertainment and recreation', 'from_classification_model']",None,"['$450,000 USD', 'https://www.dnb.com/business-directory/company-profiles.the_australian_institute_of_food_science__technology_incorporated.7177fe48dfaed07e2291c0f0a178c4e1.html']",None,None,None,"['Independent', 'https://www.dnb.com/business-directory/company-profiles.the_australian_institute_of_food_science__technology_incorporated.7177fe48dfaed07e2291c0f0a178c4e1.html']",0.75,0.25,0.0,0.0,0.25
Home » Student Exchange Australia New Zealand,https://studentexchange.org.au/,_Student Exchange Programs | Over 25 Countries. Live overseas for two to twelve months. Stay with a host family  attend school   live like a local  learn the language! Apply now to secure your spot. Experience is everything.,studentexchange,"['7 -9, 1 Mona Vale Rd Mona Vale NSW 2103 Australia', 'https://studentexchange.org.au/contact/contact-us/']","['traveladmin@aig.com', 'https://studentexchange.org.au/news-and-updates/news/update-on-our-exchange-programs-novel-coronavirus-covid-19-faqs/']","['+612 9997 0701', 'https://studentexchange.org.au/contact/contact-us/']","['provo high school students', 'heritage high school students', 'high school students', 'student exchange australia', 'other school students', 'canada high school choice student exchange programs', 'student exchange australia new zealand ltd', 'other exchange students', 'student exchange australia new zealand ltd. student exchange', 'program prices usa high school choice programs']","[['Muriel Scheid', 'CEO'], 'https://wep.org.au/about/wep-australia/']","['Education, Finance and insurance', 'from_classification_model']",None,None,None,None,None,None,1.0,0.25,0.0,0.0,0.3125
ibfex,https://www.ibfex.com/,,ibfex,"['40-42 Lindon Ct, Tullamarine VIC 3043', ['IBEX Australia, address', 'knowledge_panel']]",None,"['+61-399634860', 'https://www.dnb.com/business-directory/company-profiles.index_consultants_pty_ltd.8263d1a738cefef899a0d9dbfb94e1d0.html']",None,"[['ANTHONY BEDDISON', 'Director'], 'https://www.dnb.com/business-directory/company-profiles.index_consultants_pty_ltd.8263d1a738cefef899a0d9dbfb94e1d0.html']","['Healthcare, Finance and insurance', 'from_classification_model']",None,"['$262,949 USD', 'https://www.dnb.com/business-directory/company-profiles.index_consultants_pty_ltd.8263d1a738cefef899a0d9dbfb94e1d0.html']",None,None,None,"['Proprietorship Subsidiary', 'https://www.dnb.com/business-directory/company-profiles.index_consultants_pty_ltd.8263d1a738cefef899a0d9dbfb94e1d0.html']",0.0,0.0,0.0,0.0,0.0
Career Industry Council of Australia (CICA) | The national ...,https://cica.org.au/,The Future of Jobs report maps the jobs and skills of the future  tracking the pace of change. It aims to shed light on the pandemic-related disruptions in 2020  contextualized within a longer history of economic cycles and the expected outlook for technology adoption  jobs and skills in the next five years.,cica,"['Unit  3 , 192B Burwood Road Hawthorn VIC 3122', 'https://cica.org.au/secretariat/']","['espurchasing@employment.gov.au', 'https://cica.org.au/exposure-draft-for-employment-services-released/']","['+61411 500 090', 'https://cica.org.au/career-education-resources-reduced-when-young-australians-need-them-most/']","['careers wales career industry council', 'career information', 'career education', 'school career guidance', 'career skills', 'school based career practitioners', 'careers websites', 'career services', 'quality career development', 'career information products']","[['Brandon Hitch', 'CEO'], 'https://vertikal.net/en/news/story/21490/new-ceo-for-cica']","['Education, Construction', 'from_classification_model']","['2007', 'None']","['$37.9M', 'None']","['$0', 'None']","['Dandenong South Victoria, AU', 'None']","['617', 'None']","['Independent', 'https://www.dnb.com/business-directory/company-profiles.cica_constructions_unit_trust.a8ea19bb533a42d2ee56283b469db073.html']",0.25,0.25,0.0,0.0,0.125
Akari Software,http://www.akarisoftware.com/,,akarisoftware,"['Suite  201 , 60 Walker Street, North Sydney, NSW 2060 Australia', 'http://www.akarisoftware.com/index.cfm/page/contactus']","['jobs@akarisoftware.com', 'http://www.akarisoftware.com/index.cfm/page/professional-services-consultant-_-technical_non-functional']","['+61(0)2 8317 1472', 'http://www.akarisoftware.com/index.cfm']","['akari akari software website', 'clients akari software', 'growth akari software', 'uitm akari software', 'akari software akari', 'akari software cto', 'akari software anz', 'doe akari software', 'shall akari software', 'akari software blackpool']","[[""John O'Donnell"", 'CEO'], 'http://www.akarisoftware.com/index.cfm?page=view-News&id=330&cYear=2019&cMonth=3']","['IT - Software, Arts, entertainment and recreation', 'from_classification_model']","['10 February 2017', 'https://opencorporates.com/companies/au/617312688']","['$5.5M', 'None']","['$0', 'None']","['Nobby Beach Queensland, AU', 'None']","['40', 'None']","['Australian Proprietary Company, Limited By Shares', 'https://opencorporates.com/companies/au/617312688']",0.25,0.25,0.0,0.0,0.125
Ventia | Making Infrastructure Work For Communities,https://www.ventia.com/,Ventia is one of the largest essential services providers in Australia and New Zealand. We are proud to provide the services that keep infrastructure working for ...,ventia,"['L 8 80 Pacific Hwy North Sydney, New South Wales, 2060 Australia', 'https://app.avention.com/company/13913dca-eb82-3131-8300-b9a99e824abd#report/company_summary']","['info@visionstream.com.au', 'https://www.crunchbase.com/organization/visionstream-pty-ltd']","['1300 836 827', 'https://www.ventia.com/contact']","['infrastructure work', 'internet explorer', 'recommended pages', 'latest news', 'accounts enquiries', 'infrastructure', 'enquiry', 'conduct', 'critical public and private assets', 'people']","[['David Moffatt', 'CEO'], 'https://www.ventia.com/who-we-are/executive-team']","[['Information TechnologyReal EstateTelecommunications'], 'https://www.crunchbase.com/organization/visionstream-pty-ltd']","['1994', 'https://www.crunchbase.com/organization/visionstream-pty-ltd']","['1.8B', 'https://app.avention.com/company/13913dca-eb82-3131-8300-b9a99e824abd#report/company_summary']",None,"[' Bentleigh East, Victoria, Australia', 'https://www.crunchbase.com/organization/visionstream-pty-ltd']","['11k', 'https://app.avention.com/company/13913dca-eb82-3131-8300-b9a99e824abd#report/company_summary']","['Private', 'https://www.crunchbase.com/organization/visionstream-pty-ltd']",0.375,0.25,0.25,0.0,0.21875
NZRelo -The Home of Kiwis in Australia & Relocating to ...,https://www.nzrelo.com/,NZRelo The Home of Kiwis in Australia & Moving to Australia is the greatest website specifically built for New Zealanders relocating - Citizenship Advice  ...,nzrelo,"['89 Sovereign Dr Two Rocks, Western Australia, 6037 Australia', 'https://app.avention.com/company/c6105558-67d8-3b5d-8c0c-6d2c3874ee1b#report/company_summary']","['renei@nzrelo.com.au', 'https://www.nzrelo.com/reece-adams-fund/']","['+61407505997', 'https://www.nzrelo.com/forums/reply/1041487/']","['new zealand roads', 'new zealand driving times', 'forums new zealand', 'new zealand driving holidays', 'amazing scenery new zealand', 'new south', 'new south wales', 'drivers', 'victoria new zealand rental cars reply', 'primary school australia rental cars driving restrictions australia toyota rav4']","[['Mark Berger', 'founder'], 'https://www.nzrelo.com/nzrelo-brings-on-kiwi-finance-specialist-budget-advisor-for-their-members/']","['Employment Services', 'https://app.avention.com/company/c6105558-67d8-3b5d-8c0c-6d2c3874ee1b#report/company_summary']","['22 February 2017', 'https://opencorporates.com/companies/nz/6241687']","['2.2M', 'https://app.avention.com/company/c6105558-67d8-3b5d-8c0c-6d2c3874ee1b#report/company_summary']",None,"['New Zealand', 'https://opencorporates.com/companies/nz/6241687']","['6', 'https://app.avention.com/company/c6105558-67d8-3b5d-8c0c-6d2c3874ee1b#report/company_summary']","['Private Independent', 'https://app.avention.com/company/c6105558-67d8-3b5d-8c0c-6d2c3874ee1b#report/company_summary']",0.375,0.25,0.375,0.0,0.25
COSAMP,https://www.cosamp.com.au/,The College of Sound and Music Production (COSAMP) has all your audio and music production training solutions covered! COSAMP is a Registered Training Organisation (RTO#41549) providing a wide variety of music related services and products to hundreds of schools and training providers across Australia and New Zealand. From early-secondary to post-secondary levels  COSAMP has the perfect learning solution based on our in-depth interactive student website and comprehensive teachers’ resource  the TPN (Tech Production Network).,cosamp,"['766A Hawthorn Rd, Brighton East VIC 3187', ['The College of Sound & Music Production, address', 'knowledge_panel']]","['david@cosamp.com.au', 'https://www.cosamp.com.au/category/latest-cosamp-news/page/5/']","['+613 9592 4801', 'https://www.cosamp.com.au/?page_id=2455?page_id=2455']","['music students', 'vet music students', 'standard school music programs', 'school students', 'other vet music schools', 'young music students', 'lakeland senior high school vet music students', 'senior music students', 'secondary school students', 'cosamp tpn students']","[['KYNON THOMAS', 'Chief Executive Officer'], 'https://www.dnb.com/business-directory/company-profiles.p_k_y_media_pty_ltd.bf9495b5e96874e77da3f3404eca0221.html']","['Education, IT - Software', 'from_classification_model']","['18 October 2019', 'https://opencorporates.com/companies/au/636894847']","['$59M', 'None']","['$0', 'None']","['Australia', 'https://opencorporates.com/companies/au/636894847']","['106', 'None']","['Proprietorship Independent', 'https://www.dnb.com/business-directory/company-profiles.p_k_y_media_pty_ltd.bf9495b5e96874e77da3f3404eca0221.html']",0.375,0.25,0.0,0.0,0.15625
NetSuite_ Microsoft_ Oracle ERP & CRM: Fusion5 Australia,https://www.fusion5.com.au/,Fusion5 delivers world-class ERP  CRM  HR & Payroll  ITSM  Managed Services  and Cloud solutions from Oracle / NetSuite  Microsoft  Aptean  Ivanti and JD Edwards. With Netsuite Melbourne  Netsuite Sydney  Netsuite Perth  Netsuite Brisbane and Netsuite Adelaide offices. We can make a difference to your business.,fusion5,"['Suite 1002, Level 10/1 Castlereagh St, Sydney NSW 2000', ['Fusion5 - Business Solutions, address', 'knowledge_panel']]","['rchbold@fusion5.co.nz', 'https://www.fusion5.com.au/blogs/unified-it-newsletter-march-2020/']","['+61 412 329 399', 'https://www.fusion5.com.au/blogs/unified-it-newsletter-march-2020/']","['business systems', 'key business solutions', 'business processes', 'business process changes', 'business systems implementation', 'business performance management', 'new businesses', 'critical business processes', 'australasian business solutions partner', 'unique business processes']","[['Rebecca Tohill', 'founder'], 'https://www.fusion5.com.au/people/rebecca-tohill/']","['Utilities, IT - Software', 'from_classification_model']",None,"['$33.00 million USD', 'https://www.dnb.com/business-directory/company-profiles.fusion5_pty_ltd.c5e033a1d0d03e37f7c431cffc6b8550.html']",None,None,None,"['Proprietorship Parent', 'https://www.dnb.com/business-directory/company-profiles.fusion5_pty_ltd.c5e033a1d0d03e37f7c431cffc6b8550.html']",0.0,0.25,0.375,0.0,0.15625
