search_text,title,link,description,comp_name,address,email,telephone_number,keywords,contact_person,type_or_sector,founded_year,revenue,funding,headquarters,No_of_employees,company_status,address_confidence,tp_confidence,headquarters_confidence,contact_confidence,Total_confidence
Risk management software australia,GetApp,https://www.getapp.com.au/,Review  Compare and Evaluate small business software. GetApp has software offers  SaaS and Cloud Apps  independent evaluations and reviews.,getapp,"['Level 18 40 Mount Street North Sydney NSW 2060 Australia', 'https://www.getapp.com.au/company/contact']",None,None,"['software user reviews', 'software reviews', 'user reviews', 'promys psa software review', 'software vendor products', 'software users', 'submitted user reviews', 'other software solutions', 'software products', 'other information']","[['Clare Bagoly ', 'Sales Director_Employment Hero'], 'from linkedin search google']","['Utilities, Mining, oil and gas', 'from_classification_model']",None,None,None,None,None,None,0.25,0.0,0.0,0.0,0.0625
Risk management software australia,Cammsrisk,https://cammsrisk.com/,An Enterprise Risk Management (ERM) software solution that is easy to use and trusted globally. Business risk assessment tools.Try our FREE Trial now.,cammsrisk,None,None,None,None,"[['Adam Collins ', 'Chief Product Officer_CAMMS'], 'from linkedin search google']","['Utilities, Finance and insurance', 'from_classification_model']",None,None,None,None,None,None,0.0,0.0,0.0,0.0,0.0
Risk management software australia,RMSS Risk Management and Safety Systems - RMSS,https://www.rmss.com.au/,RMSS Risk Management and Safety Systems  RMSS - Enterprise Risk Intelligence Solutions RMSS is a leading provider of Enterprise Risk Intelligence ...,rmss,"['Level 8, 301 Coronation Drive, Milton QLD 4064', 'http://www.rmss.com.au/about-rmss/contact-us.aspx']","['clientsupport@rmss.com.au', 'http://www.rmss.com.au/products-services/services/support.aspx']","['+61 7 3257 4047', 'http://www.rmss.com.au/about-rmss/contact-us.aspx']","['risk management', 'enterprise risk management', 'risk management processes', 'risk management systems', 'risk management solution provider', 'risk management requirements', 'effective risk management', 'enterprise risk management frameworks', 'risk management improvement', 'complete enterprise risk management']","[['Andrew Howarth', ' ceo '], 'from_website']","['IT - Software, Finance and insurance', 'from_classification_model']",None,None,None,None,None,None,0.25,0.25,1.0,0.0,0.375
Risk management software australia,Cura Software | Governance Risk and Compliance,https://www.curasoftware.com.au/,CURA's powerful compliance solution is now enabled by live legislative updates from LexisNexis Australia. This means that your legal compliance will be more ...,curasoftware,None,"['info@www.curasoftware.com', 'https://www.curasoftware.com.au/']",None,"['business risks', 'small business risks', 'risk information', 'risk processes', 'risk management capability', 'managing risks', 'risk register management', 'risk management strategies', 'risk management practice', 'risk management roles']","[['Xavier Michel ', 'FOUNDER AND DIRECTOR ..._LinkedIn'], 'from linkedin search google']","['IT - Software, Services - professional, scientific, and technical', 'from_classification_model']","['1963', 'https://www.owler.com/company/hydac']",None,None,None,None,None,0.0,0.0,0.0,0.0,0.0
Risk management software australia,SourceForge - Download_ Develop and Publish Free Open ...,https://sourceforge.net/,Free  secure and fast downloads from the largest Open Source applications and software directory - SourceForge.net.,sourceforge.net,None,"['noreply@sourceforge.net', 'https://sourceforge.net/auth/forgotten_password']",None,"['business management software', 'business software', 'business software tools', 'most business software products', 'business transformation software', 'business continuity software', 'customer data platform software', 'software tools', 'software platform', 'software']","[['Hamid Mahmood Qureshi ', 'Senior Manager_EYC3'], 'from linkedin search google']","['IT - Software, Mining, oil and gas', 'from_classification_model']",None,None,None,None,None,None,0.0,0.0,0.0,0.0,0.0
Risk management software australia,Purple Lion Domains – Domain name sales,http://www.cammsgroup.com/,About us. Purple Lion Domains specialise in selling premium domain names for ...,cammsgroup,"['Suite  5 , 531 Hay Street  Subiaco WA 6000', 'https://www.cammsgroup.com/contact-us/']","['sales@cammsgroup.com', 'https://www.cammsgroup.com/contact-us/']","['+61 (0)8 8212 5188', 'https://www.cammsgroup.com/contact-us/']",None,"[['Adam Collins ', 'Chief Product Officer_CAMMS'], 'from linkedin search google']","['Real estate, Finance and insurance', 'from_classification_model']",None,None,None,None,None,None,0.25,0.25,0.0,0.0,0.125
Compliance management software australia,Rapid Global,https://www.rapidglobal.com/,Award-winning software solutions. Our end-to-end workplace tools empower you to streamline your workforce risk  safety and compliance management ...,rapidglobal,"['Level  2 , 118 Franklin Street, Adelaide SA 5000', 'https://www.rapidglobal.com/privacy-policy']","['support@rapidglobal.com', 'https://www.rapidglobal.com/privacy-policy']","['+61884051100', 'https://www.rapidglobal.com/contact']","['rapid rapid access', 'rapid contractor management australia rapid global', 'rapid systems', 'quadric contractors rapid induct', 'other sites rapid contractor management software', 'contractor management software', 'rapid induct system', 'online contractor management software', 'contractor lifecycle management system', 'rapid global administrators']","[['Junita van der Colff', 'managing director'], 'from_website']","['IT - Software, Real estate', 'from_classification_model']",None,None,None,None,None,None,0.25,0.25,0.25,0.0,0.1875
Compliance management software australia,Safety Consulting Companies_ EHS & Injury Management ...,https://misafesolutions.com.au/,Contact Us · Blog · Health & Safety Consulting Services Australia ... Phone: 07 5641 2101 or 0400 977 769; or. Email: contact@misafesolutions.com.au · Follow ...,misafesolutions,None,"['contact@misafesolutions.com.au', 'https://misafesolutions.com.au/']","['+61 (0) 400 977 769', 'https://misafesolutions.com.au/']","['business risk management', 'risk management software solutions', 'bespoke risk management software', 'enterprise risk management software solutions', 'compliance management software', 'management software', 'full enterprise risk management software', 'software systems', 'customised enterprise risk management software', 'risk compliance software solutions']",None,"['Construction, IT - Software', 'from_classification_model']",None,None,None,None,None,None,0.0,0.25,0.0,0.0,0.0625
Compliance management software australia,Law Compliance,https://lawcompliance.com.au/,Law Compliance creates Regulatory compliance products to simplify meeting your legal obligations. Ensure your company compliance protocols are up to date.,lawcompliance,"['2018 No.11 (NT) The Residential Tenancies Amendment Act', 'https://lawcompliance.com.au/use-of-tenancy-databases-in-nt/']","['info@lawcompliance.com.au', 'https://complyonline.lawcompliance.com.au/Security/lostpassword']","['1300 862 667', 'https://lawcompliance.com.au/our-products-and-services/case-law-updates/']","['oh&s act disability services act', 'amendment act', 'health care act', 'public health act', 'legislation amendment act', 'ndis act', 'education amendment act', 'health insurance act', 'tax amendment act', 'mental health act']",None,"['IT - Software, Services - professional, scientific, and technical', 'from_classification_model']",None,None,None,None,None,None,0.25,0.25,0.0,0.0,0.125
Compliance management software australia,FastTrack compliance management software,https://www.fasttrackaust.com/,+61 7 5597 2077. sales@fasttrackaust.com. ADDRESS. Fast Track (Aust) Pty Ltd. 28-34 Dominions Rd. ASHMORE Qld 4214. Australia ...,fasttrackaust,"['28 -34 Dominions Rd ASHMORE Qld 4214 Australia', 'https://www.fasttrackaust.com/contact']","['sales@fasttrackaust.com', 'https://www.fasttrackaust.com/contact']","['+61 7 5597 2077', 'https://www.fasttrackaust.com/contact']",None,None,"['Arts, entertainment and recreation, IT - Software', 'from_classification_model']",None,None,None,None,None,None,0.25,0.25,0.0,0.0,0.125
Compliance management software australia,CMS Transport Systems: Transport Software | Freight2020,https://transportsystems.com.au/,The leading transport software solution in Australia  the Freight2020 transport management system is developed and supported by CMS Transport Systems.,transportsystems,"['Level  7 , 5 Queens Rd Melbourne 3004 Victoria Australia', 'https://transportsystems.com.au']","['info@transportsystems.com.au', 'https://transportsystems.com.au/terms-of-use/']","['+61 3 9699 7988', 'https://transportsystems.com.au']","['freight2020 payroll freight2020', 'freight2020 transport management solutions', 'freight2020 freight2020 user case studies', 'cms freight2020 customers', 'freight2020 transport software', 'freight2020 systems', 'freight2020 system development', 'new freight2020 users', 'freight2020 use', 'freight2020 users']",None,"['Manufacturing, Services - professional, scientific, and technical', 'from_classification_model']",None,None,None,None,None,None,0.25,0.25,0.0,0.0,0.125
Compliance management software australia,VendorPanel,https://www.vendorpanel.com/,Looking for cloud-based procurement management software solutions for your organisation? Get access to this flexible  robust and easy to use platform.,vendorpanel,"['Level  2 , 360 Little Collins St Melbourne, VIC 3000 Australia', 'https://www.vendorpanel.com/contact-us']","['chris.r@vendorpanel.com', 'https://www.vendorpanel.com/blog/how-long-tail-spend-can-unlock-social-procurement']","['+61 2 9056 4050', 'https://www.vendorpanel.com/contact-us']","['local procurement processes', 'local government procurement', 'technology social procurement', 'social procurement decisions', 'australian procurement technology company vendorpanel', 'procurement', 'social procurement part', 'procurement teams', 'government procurement', 'social procurement targets']","[['Chris Roe ', 'Melbourne_ Victoria_ Australia ..._LinkedIn'], 'from linkedin search google']","['Manufacturing, IT - Software', 'from_classification_model']",None,None,None,None,None,None,0.25,0.25,0.0,0.0,0.125
Compliance management software australia,Momentum Systems: Quality Management Software based on ...,https://www.momentumsystems.com.au/,Portfolio. Quality Management · Environment Health & Safety Management · Food Safety Management · Document Control · Compliance Management; ISO.,momentumsystems,"['8 , 2-4 Station Street Mooroolbark Victoria 3138 Australia', 'https://www.momentumsystems.com.au/privacy-policy/']","['contactus@momentumsystems.com.au', 'https://www.momentumsystems.com.au/contact-us/']",None,"['momentum qms leading medical device manufacturer selects momentum let momentum', 'momentum qms oh&s systems', 'momentum qms forms', 'momentum qms leading medical device manufacturer selects momentum', 'sector selects momentum qms', 'contactus@momentumsystems.com.au momentum qms', 'momentum qms oh&s', 'configuration momentum qms', 'momentum qms configure document control software month', 'momentum qms foster collaboration']",None,"['IT - Software, Real estate', 'from_classification_model']",None,None,None,None,None,None,0.25,0.0,0.0,0.0,0.0625
Compliance management software australia,Arventa,https://www.arventa.com.au/,Arventa is a leading provider of powerful risk management cloud based systems. ... Arventa solutions serve more than 2 500 customers Australia wide and we ...,arventa,"['505 , Canberra City ACT 2601', 'https://www.arventa.com.au/']","['info@arventa.com.au', 'https://www.arventa.com.au/privacy-policy']","['1300 673 700', 'https://www.arventa.com.au/']","['personal information', 'tools personal information', 'information', 'such information', 'risk information', 'safety information', 'sensitive information', 'health information', 'relevant information', 'biometric information']","[['Ian Brightwell ', 'Principal Consultant_DH4 Pty Limited'], 'from linkedin search google']","['Finance and insurance, Services - professional, scientific, and technical', 'from_classification_model']",None,None,None,None,None,None,0.25,0.25,0.0,0.0,0.125
Health and safety software australia,Safety Navigator,https://www.safetynavigator.com.au/,Real time reports & Risk Rating shows compliance status. Safety Navigator Resources. Full suite of online WHS forms and tools.,safetynavigator,"['PO Box 2913 Taren Point, NSW 2229', 'https://www.safetynavigator.com.au/Service-Providers/Security-Systems-and-Personnel.aspx']","['db@icucameras.com.au', 'https://www.safetynavigator.com.au/Service-Providers/Security-Systems-and-Personnel.aspx']","['+61 2 8241 5688', 'https://www.safetynavigator.com.au/default.aspx?d=1975184']","['safety navigator', 'safety navigator site', 'safety navigator modules', 'safety navigator lite', 'safety navigator system access product', 'safety navigator member', 'a. safety navigator', 'b. safety navigator', 'safety navigator cannot', 'safety queensland']",None,"['IT - Software, Services - professional, scientific, and technical', 'from_classification_model']",None,None,None,None,None,None,0.25,0.25,0.0,0.0,0.125
Health and safety software australia,myosh OHS - Safety Management Software - Health & Safety ...,https://myosh.com/,myosh - Safety Management Software - Fast  reliable  global health & safety software. Flexible safety software with over 100 customisable OHS Modules.,myosh,None,"['support@myosh.com', 'https://myosh.com/modules/injury-management/']","['1300 469 674', 'https://myosh.com/modules/injury-management/']","['worker safety', 'increased worker safety', 'safety related information', 'safety information', 'work safety', 'myosh training safety', 'workplace safety', 'safety risks', 'myosh safety management software', 'personal service workers']","[['Tony Woods ', 'Business Development Manager ..._LinkedIn'], 'from linkedin search google']","['Mining, oil and gas, Utilities', 'from_classification_model']",None,None,None,None,None,None,0.0,0.25,0.0,0.0,0.0625
Health and safety software australia,WHS Monitor: Work Health and Safety Compliance ...,https://www.whsmonitor.com.au/,WHS Monitor is a cloud-based work health and safety compliance management software helping organisations effectively comply with their WHS obligations.,whsmonitor,"['02 ) 6287 6965    Mailing Address  GPO BOX 505 Canberra City ACT 2601', 'https://www.whsmonitor.com.au/company/contact-us']","['info@whsmonitor.com.au', 'https://www.whsmonitor.com.au/company/contact-us']","['1300 082 021', 'https://www.whsmonitor.com.au/company/contact-us']",None,"[['Joseph Nelmes ', 'Barker College_Sydney_ Australia'], 'from linkedin search google']","['Healthcare, Education', 'from_classification_model']","['2013', 'https://www.owler.com/company/employmenthero']",None,None,None,None,None,0.25,0.25,0.0,0.0,0.125
"Governance, Risk and Compliance software australia",Protiviti - United States |,https://www.protiviti.com/US-en,Learn about how at Protiviti  we come together to share diverse ideas and experiences  grow professionally and personally  and collaborate to create a better ...,protiviti,None,None,None,"['business risk management', 'other risk management functions', 'model risk management', 'risk management systems', 'operational risk management', 'risk management functions', 'risk management program', 'risk management practices', 'risk management experience', 'risk processes']","[['Alejandro Pedroza ', 'Manager_Protiviti Australia'], 'from linkedin search google']","['Manufacturing, Arts, entertainment and recreation', 'from_classification_model']",None,None,None,None,None,None,0.0,0.0,0.0,0.0,0.0
Incident management software australia,PeopleTray,http://www.peopletray.com/,Safety and compliance software that includes Project  Team and Contractor management in a single online system. Capture inspections  pre-starts and ...,peopletray,"['375 Charles Street North Perth, WA 6006', 'http://www.peopletray.com/contact/']","['support@peopletray.com', 'http://www.peopletray.com/privacy-statement/']","['+61 (0) 419 949 210', 'http://www.peopletray.com/explore-the-user-interface-fast-start/']","['step peopletray', 'workflow peopletray', 'open peopletray', 'peopletray', 'peopletray services', 'peopletray customers', 'peopletray system', 'administrators peopletray', 'peopletray app', 'menu peopletray']","[['Warren Cook ', 'Global Mining Business Director ..._LinkedIn'], 'from linkedin search google']","['IT - Software, Real estate', 'from_classification_model']",None,None,None,None,None,None,0.25,0.25,0.0,0.0,0.125
GRC software new zealand,Global Risk Consulting: GRC,https://globalriskconsulting.co.nz/,chris.kumeroa@globalrisk.co.nz ... Global Risk Consulting is an enterprise risk management company that provides a range of high level services  advice and ...,globalriskconsulting,None,"['chris.kumeroa@globalrisk.co.nz', 'https://globalriskconsulting.co.nz/']","['+6421 144 5003', 'https://globalriskconsulting.co.nz/?page_id=2945']","['security risk management', 'security risk', 'leading security risk management consultancy', 'security management systems', 'security management practice', 'risk management process', 'detailed security management plans', 'security plans', 'presentation security training management', 'security teams']","[['Chris Kumeroa ', 'Board Trustee_Te Whawhaki ...'], 'from linkedin search google']","['Manufacturing, Finance and insurance', 'from_classification_model']",None,None,None,None,None,None,0.0,0.25,0.0,0.0,0.0625
GRC software new zealand,Home — Office of the Auditor-General New Zealand,https://oag.parliament.nz/,... of the Auditor-General  100 Molesworth Street  Thorndon  Wellington 6011 | + 64 4 917 1500 | enquiry@oag.parliament.nz · Â© crown copyright 2001-2020.,oag.parliament.nz,"['PO Box 3928 Wellington 6140', 'https://oag.parliament.nz/about-this-site/']","['asdadmin@oag.parliament.nz', 'https://oag.parliament.nz/contact-us']","['+64 4 917 1500', 'https://oag.parliament.nz/about-this-site/']","['public sector organisations', 'other public organisations', 'other public sector staff', 'public organisations', 'public sector performance', 'public sector audits', 'many public organisations', 'public sector accountability', 'public sector employees', 'auditing public organisations']","[['Kristin Aitken ', 'Sector Manager_ Local Government ..._LinkedIn'], 'from linkedin search google']","['IT - Software, Manufacturing', 'from_classification_model']",None,None,None,None,None,None,0.25,0.25,0.0,0.0,0.125
GRC software new zealand,PRWire: Press release distribution_ media and news distribution,https://prwire.com.au/,PRWire is Australia's news wire for company announcements and media releases.,prwire,"['104 /8 Century Cct Baulkham Hills, NSW 2153 Australia', 'https://prwire.com.au/termsOfUse']","['sarah.oleary@myosh.com', 'https://prwire.com.au/pr/73469/10-steps-to-a-mentally-healthy-workplace']","['+61 434 752 233', 'https://prwire.com.au/print/bai-communications-announces-changes-to-its-board-of-directors']","['other microsoft business systems', 'business solutions', 'more businesses', 'energy management solution', 'business people', 'australian businesses', 'australian business software specialist barhead', 'energy solution providers', 'business critical applications', 'business users']","[['Adam Kain ', 'Regional Sales Manager ANZ ..._LinkedIn'], 'from linkedin search google']","['Utilities, Manufacturing', 'from_classification_model']",None,None,None,None,None,None,0.25,0.25,0.0,0.0,0.125
GRC software new zealand,Award Winning Online Compliance Training | GRC Solutions ...,https://grcsolutions.co/,GRC Solutions leads in online compliance training in legal compliance  risk management & ethics. Check our award-winning Salt Compliance online courses.,grcsolutions,"['Suite  212 , 838 Collins Street Melbourne VIC 3008 Australia', 'https://grcsolutions.co/elearning/adaptive-elearning-lcms-2/']","['contactus@grcsolutions.co', 'https://grcsolutions.co/elearning/adaptive-elearning-lcms-2/']","['+61 437 549 786', 'https://grcsolutions.co/elearning/adaptive-elearning-lcms-2/']","['online compliance training courses', 'compliance training program', 'legal compliance training', 'online compliance training', 'effective compliance training program', 'compliance training products', 'appropriate compliance training', 'compliance grc solutions', 'existing compliance training programs', 'training courses']","[['Louis Kapeleris ', 'Commercial Manager_GRC ...'], 'from linkedin search google']","['IT - Software, Services - professional, scientific, and technical', 'from_classification_model']",None,None,None,None,None,None,0.25,0.25,0.0,0.0,0.125
GRC software new zealand,PwC New Zealand,https://www.pwc.co.nz/,PwC New Zealand employs over 1600 people and has offices in the Auckland  Waikato  Hawkes Bay  Wellington  Canterbury and Otago regions. Our people ...,pwc,"['Level  27 15 Customs Street West Auckland 1010', 'https://www.pwc.co.nz/contact-us/moving-to-pwc-tower-at-commercial-bay.html']","['privacy-officer@nz.pwc.com', 'https://www.pwc.co.nz/privacy.html']","['+64 21 840 106', 'https://www.pwc.co.nz/about-us/our-leaders.html']","['new zealand businesses', 'other pwc new zealand websites', 'new zealand', 'new zealand organisations', 'pwc new zealand', 'new zealand health', 'high profile new zealand public sector business cases', 'new zealand cyber security', 'new zealand entities', 'new zealand cities']","[['Saurav Malhotra ', 'PwC New Zealand_LinkedIn'], 'from linkedin search google']","['Transport, Manufacturing', 'from_classification_model']",None,None,None,None,None,None,0.25,0.25,0.0,0.0,0.125
GRC software new zealand,Vault | Workforce Performance & Protection Technology,https://www.vaultintel.com/,Vault technology enables businesses to efficiently manage  locate  connect  communicate and protect their workers while driving workforce performance.,vaultintel,"['Level  1 , 106 Wrights Road Christchurch, 8024 New Zealand', 'https://www.vaultintel.com/legal/privacy-policy']","['support@vaultintel.com', 'https://www.vaultintel.com/legal/terms-of-service']","['+61 4 1791 6368', 'https://www.vaultintel.com/distributors-directory/aquarius-global']","['vault services', 'vault solo', 'vault solo workers', 'vault service', 'vault customers', 'vault partner', 'vault solo user agreement level', 'such vault content', 'vault enterprise', 'vault products']","[['Stephen Mummery ', 'Sales Director AUS NZ SGP ..._LinkedIn'], 'from linkedin search google']","['IT - Software, Finance and insurance', 'from_classification_model']",None,None,None,None,None,None,0.25,0.25,0.0,0.0,0.125
GRC software new zealand,Parapet Integrated Risk Management,https://parapet.com/,Parapet Integrated risk management (IRM) helps you manage your enterprise's risks  compliance  audit  health and safety in one place.,parapet,"['166 Featherston Street Wellington New Zealand', 'https://parapet.com/ContactUs']","['customers@parapet.com', 'https://parapet.com/ContactUs']","['+64 27 5378766', 'https://parapet.com/ContactUs']",None,"[['Richard SILTALA ', 'Construction Site Manager_Bau ...'], 'from linkedin search google']","['IT - Software, Services - professional, scientific, and technical', 'from_classification_model']",None,None,None,None,None,None,0.25,0.25,0.0,0.0,0.125
GRC software new zealand,Home NZ | Zurich New Zealand,https://www.zurich.co.nz/,Zurich New Zealand works to help business customers understand and protect themselves from risk by providing comprehensive insurance solutions.,zurich,"['PO Box 10 -845 Wellington 6143 New Zealand', 'https://www.zurich.co.nz/about-us.html']","['coj10@calva.com', 'https://www.zurich.co.nz/claims/overseas-claims-agents.html']","['+64 9 928 8019', 'https://www.zurich.co.nz/brokers/contacts.html']","['zurich risk engineers', 'zurich insurance', 'zurich motor insurance', 'zurich insurance group', 'zurich australian insurance', 'zurich motor insurance customers', 'zurich professional indemnity insurance', 'zurich lily wong zurich marine', 'port operators liability insurance zurich risk room', 'engineering plant insurance policy zurich']","[['Jason Henry ', 'Australia and New Zealand_LinkedIn'], 'from linkedin search google']","['Finance and insurance, IT - Software', 'from_classification_model']",None,None,None,None,None,None,0.25,0.25,0.0,0.0,0.125
GRC software new zealand,Diligent Corporation | A Modern Governance Company,https://diligent.com/,Diligent  a modern governance company  is the only comprehensive governance software provider featuring tools to improve and simplify modern day ...,diligent,"['Suite  8 .02, Level 8, 333 George Street, Sydney, NSW 2000', 'https://diligent.com/diligent-data-controllers']","['marketing@diligent.com', 'https://diligent.com/nl/privacy/']","['1800 646 207', 'https://diligent.com/au/']","['board meetings', 'public board meetings', 'school board members', 'board meeting software', 'de board portal', 'school board meeting minutes', 'make board', 'board governance', 'successful school board meetings', 'board directors']","[['Andrew Carrick ', 'Diligent Corporation_LinkedIn'], 'from linkedin search google']","['IT - Software, Manufacturing', 'from_classification_model']",None,None,None,None,None,None,0.25,0.25,0.0,0.0,0.125
GRC software new zealand,ecoPortal: Online Health and Safety Software,https://www.ecoportal.com/,Manage health  safety  environment and risks in one integrated platform. This online risk management software is trusted by leading New Zealand companies.,ecoportal,"['Level  1 , 221 Symonds Street Eden Terrace, Auckland New Zealand', 'https://www.ecoportal.com/contact/']","['team@ecoportal.co.nz', 'https://www.ecoportal.com/contact/']","['+64 9 630 6951', 'https://www.ecoportal.com/contact/']","['effective safety management systems', 'safety information', 'safety incidents', 'safety culture', 'health organisations', 'good safety', 'safety professionals', 'safety standards', 'safety needs', 'safety procedures']","[['Demian Seidel ', 'Business Development Manager_ecoPortal ...'], 'from linkedin search google']","['Healthcare, Finance and insurance', 'from_classification_model']",None,None,None,None,None,None,0.25,0.25,0.0,0.0,0.125
GRC software new zealand,Aon NZ - NZ's leading insurance broker,https://www.aon.co.nz/,Aon is New Zealand's leading insurance broker and provider of risk management services.,aon,"['PO Box 1184 Auckland 1140', 'https://www.aon.co.nz/About-Aon/Aon-Privacy-Policy']","['neil.gravestock@aon.com', 'https://www.aon.co.nz/Specialty/Risk-Management-Services-Insurance-Aon-insurance']","['+64 9 362 9118', 'https://www.aon.co.nz/Specialty/Risk-Management-Services-Insurance-Aon-insurance']","['aon new zealand', 'business insurance policies', 'new zealand business', 'specific insurance risks', 'aon insurance', 'business interruption insurance', 'aon brokers', 'insurance cover', 'aon insurance broker', 'aon nz']","[['Kevan Johnston ', 'Managing Director_Aon'], 'from linkedin search google']","['Finance and insurance, Real estate', 'from_classification_model']",None,None,None,None,None,None,0.25,0.25,0.0,0.0,0.125
GRC software new zealand,IntelligenceBank: Digital Asset Management_ Marketing ...,https://www.intelligencebank.com/,Digital Asset Management Software  Marketing Operations Software  Online Brand Guidelines  Board & Meeting Governance Tools  DAM Software and GRC ...,intelligencebank,"['Level  3 , 70 City Road Southbank, VIC 3006 Australia', 'https://www.intelligencebank.com/privacy']","['sarah.fullerton@intelligencebank.com', 'https://www.intelligencebank.com/blog/intelligencebank-announces-49-percent-december-growth']","['+61 3 8618 7800', 'https://www.intelligencebank.com/contact']","['content marketing processes', 'content marketing management', 'marketing project management', 'marketing process', 'marketing content', 'creative project management marketing disclaimer engine', 'marketing projects', 'large marketing teams', 'marketing workflow processes', 'several marketing teams']","[['Nicki Collins ', 'Senior Customer Success Manager ..._LinkedIn'], 'from linkedin search google']","['IT - Software, Mining, oil and gas', 'from_classification_model']",None,None,None,None,None,None,0.25,0.25,0.0,0.0,0.125
OH&S software new zealand,AccuWeather: Local_ National_ & Global Daily Weather Forecast,https://www.accuweather.com/,AccuWeather has local and international weather forecasts from the most accurate weather forecasting technology featuring up to the minute weather reports.,accuweather,None,None,None,None,"[['Justin Meyers ', 'Head of Sales_ A/NZ_Experian Asia ...'], 'from linkedin search google']","['IT - Software, Agriculture', 'from_classification_model']",None,None,None,None,None,None,0.0,0.0,0.0,0.0,0.0
Incident management software new zealand,Health & Safety Monitoring Software - Safety Monitor,https://safetymonitor.nz/,Safety Monitor will help you manage your health & safety procedures. Optimise your business with our health & safety software. Contact us today.,safetymonitor.nz,"['23 Union Street, Freemans Bay, Auckland 1011 New Zealand', 'https://safetymonitor.nz/privacy/']","['support@safetymonitor.nz', 'https://safetymonitor.nz/terms/']","['+64 (9) 889 6822', 'https://safetymonitor.nz/privacy/']","['safety monitor safety monitor', 'contact safety monitor safety monitor', 'safety monitor limited', 'safety monitor general terms', 'safety monitor limited terms', 'unlimited checks safety monitor', 'easier safety monitor general terms', 'other websites', 'terms', 'modified terms']",None,"['IT - Software, Transport', 'from_classification_model']",None,None,None,None,None,None,0.25,0.25,0.0,0.0,0.125
Educational Systems australia,Study abroad at a High School in Australia - Highschool ...,https://www.high-school-australia.com/,Highschool Australia is the high school study abroad specialist for Australia and New Zealand. We provide individual advice on which high schools in Australia ...,high-school-australia,"['17 Ambrose Way, North Mackay, QLD 4740', 'https://www.high-school-australia.com/schools/mackay-christian-college/']","['info@highschool-australia.de', 'https://www.high-school-australia.com/privacy-statement/']","['+61 7 3040 2826', 'https://www.high-school-australia.com/privacy-statement/']","['high school students', 'senior high school students', 'sports high school cronulla high school sandringham college frankston high school', 'high school australia', 'high school sunshine beach state high school', 'many high schools', 'canberra high school coolum state high school townsville grammar school', 'school year', 'state high school private school', 'other schools']","[['Richard Derigo ', 'Prairiewood High School_Australia'], 'from linkedin search google']","['Education, Construction', 'from_classification_model']",None,None,None,None,None,None,0.25,0.25,0.0,0.0,0.125
Educational Systems australia,Study Abroad & Overseas Education | IDP Global,https://www.idp.com/global,"International education experts. Haley Hollandsworth  Studying in Australia. ""I cannot recommend the IDP team highly enough. They took the time to find ...",idp,"['Level  8 535 Bourke Street MELBOURNE 3000 Victoria Australia', 'https://www.idp.com/global/privacy-policy/']","['privacyofficer@idp.com', 'https://www.idp.com/global/privacy-policy/']","['+61 2 9284 9666', 'https://www.idp.com/global/privacy-policy/']","['new international students', 'university students', 'other international students', 'many international students', 'uk international students', 'other idp students', 'many international student events', 'most international students', 'international student groups', 'undergraduate international students']","[['Anne Simonds ', 'Australia and New Zealand_LinkedIn'], 'from linkedin search google']","['Education, Finance and insurance', 'from_classification_model']",None,None,None,None,None,None,0.25,0.25,0.0,0.0,0.125
OHS software australia or newzealand,JS Easy...Job safety...Easy,https://www.jseasy.com.au/,Not from Australia? Select the flag of your region to learn about and/or purchase JSEAsy software best suited to you. Find Out More. US. AU. CA. NZ. UK ...,jseasy,None,"['sales@jseasy.com.au', 'https://www.jseasy.com.au/']","['+61 8 7079 0512', 'https://www.jseasy.com.au/shop/whs%20statutory%20declaration/whs%20documentation%20-%20customised/page/shop/detail']","['whs form', 'whs safety policy', 'whs policy product code', 'whs policy', 'whs', 'whs compliance', 'whs policy statement', 'whs forms product code', 'whs manual', 'whs manual premium']","[['Timothy Cheng ', 'Director_General Manager ...'], 'from linkedin search google']","['Agriculture, Finance and insurance', 'from_classification_model']",None,None,None,None,None,None,0.0,0.25,0.0,0.0,0.0625
OHS software australia or newzealand,enableHR: HR Software & HRIS system in Australia & New ...,https://www.enablehr.co.nz/,HR made simple. enableHR is the people-management platform businesses use to boost performance  take care of compliance and create culture. Get Started.,enablehr,None,"['support@enablehr.com', 'https://www.enablehr.co.nz/login/']","['1300 453 514', 'https://www.enablehr.co.nz/blog/absenteeism-in-the-workplace-addressing-the-sickie-culture/']","['new employees', 'hr processes hr', 'employee management', 'employees', 'employee records', 'other employees', 'new employees health', 'most new zealand employee workplace entitlements', 'employee safety', 'employee stress']","[['Renee Makoni ', 'Australia & New Zealand_enableHR'], 'from linkedin search google']","['Utilities, Arts, entertainment and recreation', 'from_classification_model']",None,None,None,None,None,None,0.0,0.25,0.0,0.0,0.0625
OHS software australia or newzealand,Action OHS Consulting,https://www.actionohs.com.au/,Action OHS Consulting OHS Consultants accredited provider offering the WorkSafe Victoria OHS Essentials Program ... Email: info@actionohs.com.au. ABN: 67 ...,actionohs,None,"['info@actionohs.com.au', 'https://www.actionohs.com.au']","['1300 101 647', 'https://www.actionohs.com.au']","['workplace safety', 'safety business', 'worker safety', 'safety practices', 'safety consultants', 'safety legislation', 'effective workplace safety based consultation', 'safety equipment', 'safety processes', 'safety laws']","[['Craig Salter ', 'Director and Lead OHS Consultant ..._LinkedIn'], 'from linkedin search google']","['Manufacturing, IT - Software', 'from_classification_model']",None,None,None,None,None,None,0.0,0.25,0.0,0.0,0.0625
OHS software australia or newzealand,Robert Walters Australia,https://www.robertwalters.com.au/,Manage your job search or recruitment process in Australia through Robert Walters – the world-leading specialist recruitment consultancy. Contact us today.,robertwalters,None,"['katie.spicer@robertwalters.com.au', 'https://www.robertwalters.com.au/generalmgtconsultancy/jobs/operationsmanagement/1385690-general-manager---retirement-living.html']","['+612 8423 1018', 'https://www.robertwalters.com.au/generalmgtconsultancy/jobs/operationsmanagement/1385690-general-manager---retirement-living.html']","['cookies', 'performance cookies', 'functional cookies', 'advertising cookies', '1416690/001 cookies', 'website performance', 'retirement living experience', 'robert walters', 'robert walters plc', 'woodlands retirement village']","[['Ben Wilkie Smith ', 'Manager_Accounting & Finance ...'], 'from linkedin search google']","['Education, Agriculture', 'from_classification_model']",None,None,None,None,None,None,0.0,0.25,0.0,0.0,0.0625
OHS software australia or newzealand,Homepage | Apple & Pear Australia Ltd (APAL),https://apal.org.au/,APAL is an industry representative body and non-profit membership organisation that supports Australia's commercial apple and pear growers.,apal,"['128 Jolimont Rd East Melbourne Victoria 3002', 'https://apal.org.au']","['tmcglone@apal.org.au', 'https://apal.org.au/news-and-resources/media-centre/']","['+61 3 9329 3511', 'https://apal.org.au']","['apple trees', 'australian fruit growers', 'australian apple exports', 'new apple varieties', 'leading apple growers', 'fruit trees', 'australian apples', 'tasmanian apple growers', 'australia apple', 'apple exports']","[['Larissa Vaughan ', 'Program Manager_Apple and ...'], 'from linkedin search google']","['Finance and insurance, Real estate', 'from_classification_model']",None,None,None,None,None,None,0.25,0.25,0.0,0.0,0.125
OHS software australia or newzealand,iinsight,https://www.iinsight.biz/,iinsight® is a cloud-based allied health practice management and reporting platform. Visit us and make your case management easy with iinsight® practice ...,iinsight.biz,"['6 – 6 Help StreetChatswood, NSW 2067', 'https://www.iinsight.biz/privacy-policy/']",None,"['+61 (0)2 9372 5199', 'https://www.iinsight.biz/pricing/']","['case management software system', 'practice management software', 'case management software', 'other case management software', 'medical practice management software', 'cloud case management software systems', 'reliable allied health practice management software', 'specialised practice management software', 'physiotherapy practice management software', 'iinsight case management software']","[['Frank Liebeskind ', 'Director_ Independent ..._LinkedIn'], 'from linkedin search google']","['Real estate, IT - Software', 'from_classification_model']",None,None,None,None,None,None,0.25,0.25,0.0,0.0,0.125
OHS software australia or newzealand,SafetyCulture | Safety Compliance for Australian & New ...,https://safetyculture.com.au/,Providing Occupational Health & Safety documents since 2004. Our extensive library includes SWMS  management systems  management plans  essential ...,safetyculture,"['PO Box 7175 , Garbutt QLD 4814 Australia', 'https://safetyculture.com.au/terms-and-conditions/']","['info@safetyculture.com.au', 'https://safetyculture.com.au/swms-template/']","['1300306604', 'https://safetyculture.com.au/swms-template/']","['safe work method', 'safe work method statement', 'related safe work method statements', 'agriculture safe work method statement', 'new safe work method statements', 'work method statement', 'safe work method statements', 'installation safe work method statement', 'general work plumbing hazards', 'other information']","[['Terlya Hunt ', 'People Experience Manager_SafetyCulture ...'], 'from linkedin search google']","['Finance and insurance, Arts, entertainment and recreation', 'from_classification_model']",None,None,None,None,None,None,0.25,0.25,0.0,0.0,0.125
OHS software australia or newzealand,AroFlo: Job Management Software For Tradies | Built by Tradies,https://aroflo.com/,3 days ago - Job management software designed for trades people. Field management systems for automated workflow and business processes.,aroflo,"['Suite  13 , 2 nd Floor 12 Maroondah Highway Ringwood VIC 3134 Australia', 'https://aroflo.com/aroflo-fair-use-policy/']","['info@aroflo.com', 'https://aroflo.com/aroflo-fair-use-policy/']","['+61392595200', 'https://status.aroflo.com/']","['aroflo aroflo', 'business aroflo', 'using aroflo', 'aroflo staff', 'aroflo clients', 'accounting data aroflo', 'new business', 'create checklist aroflo', 'field service businesses', 'aroflo field']","[['Christie Howard ', 'Training & Tech Support_AroFlo ...'], 'from linkedin search google']","['Real estate, Utilities', 'from_classification_model']",None,None,None,None,None,None,0.25,0.25,0.0,0.0,0.125
OHS software australia or newzealand,The Australian Industry Group: Home,https://www.aigroup.com.au/,The Australian Industry Group (Ai Group) is Australia's peak industry association. Acting on behalf of business for more than 140 years  we are the country's only ...,aigroup,"['51 Walker Street Sydney NSW 2060', 'https://www.aigroup.com.au/contact/']","['name@company.com.au', 'https://www.aigroup.com.au/login/?returnurl=%2f']","['+613 9865 1413', 'https://www.aigroup.com.au/policy-and-research/businesspolicy/energy/energy-efficiency-capability-program/']","['australian industry group chief executive', 'ai group chief executive', 'australian industry group chief executive innes willox', 'ai group chief executive innes willox', 'ai group members', 'albury australian industry group', 'australian industry group', 'executive remuneration ai group', 'ai group industry networks', 'ai group nsw']","[['Nigel Haworth ', 'Managing Director_Ai Group ...'], 'from linkedin search google']","['Finance and insurance, Utilities', 'from_classification_model']",None,None,None,None,None,None,0.25,0.25,0.0,0.0,0.125
OHS software australia or newzealand,ASSA - Advanced Safety Systems Australia and New Zealand,http://www.assa.com.au/,ASSA - Advanced Safety Systems Australia and New Zealand.,assa,"['1300 131 014 Auckland 9887', 'http://www.assa.com.au/terms']",None,"['+61 7 3275 7922', 'http://www.assa.com.au/contact']","['personal information', 'information', 'version controlled assa document management', 'more information', 'payment information', 'transaction information', 'sensitive information', 'nz already trust assa', 'assa group pty ltd', 'assa services']","[['Paul Mills MBA ', 'Managing Director and Business ..._LinkedIn'], 'from linkedin search google']","['Healthcare, Real estate', 'from_classification_model']",None,None,None,None,None,None,0.25,0.25,0.0,0.0,0.125
OHS software australia or newzealand,Mango QHSE Software,https://www.mangolive.com/,Mango home page for QHSE  SHEQ and HSEQ compliance.,mangolive,None,"['support@mangolive.com', 'https://www.mangolive.com/privacy-mango']","['+64 3 421 6468', 'https://www.mangolive.com/privacy-mango']","['mango mango', 'mango system', 'use mango', 'qhse mango', 'organisation mango', 'compliance easier mango', 'qhse compliance mango', 'mango employees', 'improvement mango', 'mango software']","[['Craig Thornton ', 'Chief Marketing Officer_Mango ...'], 'from linkedin search google']","['IT - Software, Healthcare', 'from_classification_model']",None,None,None,None,None,None,0.0,0.25,0.0,0.0,0.0625
OHS software australia or newzealand,NTT DATA Figtree Systems,https://www.figtreesystems.com/,Specialist global provider of insurance  claims  risk  OHS  and fleet management software solutions.,figtreesystems,"['49 Market Place, Auckland Central, Auckland 1010', 'https://www.figtreesystems.com/contact-us']","['privacyofficer.figtree@nttdata.com', 'https://www.figtreesystems.com/information/privacy-policy']","['+64 9 352 2077', 'https://www.figtreesystems.com/contact-us']","['figtree systems enterprise risk management software', 'risk management software services', 'many claims management businesses', 'claims management solutions', 'risk management processes', 'claims management software package', 'figtree systems workers compensation claims management software', 'figtree systems whs software', 'incident management system', 'claims management']","[['Mabel Chan ', 'CPA Australia_Sydney_ Australia'], 'from linkedin search google']","['IT - Software, Finance and insurance', 'from_classification_model']",None,None,None,None,None,None,0.25,0.25,0.0,0.0,0.125
Incident management software australia or newzealand,ANZPAA - ANZPAA Website,https://www.anzpaa.org.au/,ANZPAA proactively partners with agencies and police jurisdictions to identify opportunities for improved performance that results in better community safety ...,anzpaa,None,None,None,None,"[['Katherine Van Gurp ', 'Chief Executive Officer_Australia New ...'], 'from linkedin search google']","['IT - Software, Healthcare', 'from_classification_model']",None,None,None,None,None,None,0.0,0.0,0.0,0.0,0.0
Incident management software australia or newzealand,Australian Disaster Resilience Knowledge Hub,https://knowledge.aidr.org.au/,The Knowledge Hub is an open-source platform that supports good practice in disaster resilience. Learn more about disasters in Australia.,knowledge.aidr,"['2014 , New Zealand Police 2015, Trade and Investment NSW 2015', 'https://knowledge.aidr.org.au/resources/ajem-jan-2016-mine-disasters-the-need-for-planning-partnerships-between-mine-operators-and-local-community-emergency-planning-committees/']","['enquiries@aidr.org.a', 'https://knowledge.aidr.org.au/help/']","['+61 (0)3 9419 2388', 'https://knowledge.aidr.org.au/help/']","['community disaster response', 'community disaster planning', 'local community emergency managers', 'local community resilience', 'developing community resilience', 'community flood resilience', 'effective disaster risk management', 'risk community members', 'emergency management australia lessons management', 'local community services']","[['Hala Kattab_ MBA ', 'Mission Australia_LinkedIn'], 'from linkedin search google']","['IT - Software, Real estate', 'from_classification_model']",None,None,None,None,None,None,0.25,0.25,0.0,0.0,0.125
Incident management software australia or newzealand,SAP Software Solutions | Business Applications and Technology,https://www.sap.com/index.html,Get software and technology solutions from SAP  the leader in business applications. Run simple with the best in cloud  analytics  mobile and IT solutions.,sap,None,"['careers@sap.com', 'https://www.sap.com/corporate/en/legal/privacy/careers.html']",None,"['sap partners sap', 'sap obligate sap', 'sap cloud platform sap', 'sap sme software sap', 'sap jam collaboration sap', 'sap cloud platform sap privacy statement', 'sap customers', 'sap solutions', 'sap data', 'von sap']","[['Damien Bueno ', 'President and Managing Director_SAP ...'], 'from linkedin search google']","['IT - Software, Services - professional, scientific, and technical', 'from_classification_model']",None,None,None,None,None,None,0.0,0.0,0.0,0.0,0.0
Incident management software australia or newzealand,Bushfire CRC,https://www.bushfirecrc.com/,The Bushfire CRC was funded for 11 years in two separate programs (2003-2010  2010-2014) under the Australian Government Cooperative Research Centre ...,bushfirecrc,"['2006 : Fire Research Managers Workshop Auckland 2005', 'https://www.bushfirecrc.com/']","['david.bruce@bnhcrc.com.au', 'https://www.bushfirecrc.com/research/vicfires-taskforce/victorian-fires-mail-survey']",None,"['fire management', 'fire management programs', 'fire', 'fire management activities', 'fire management planning', 'fire agencies', 'fire managers', 'fire behaviour', 'fire weather', 'fire behaviour models']","[['Phil Lacy ', 'Chair of the Forest Health and ..._LinkedIn'], 'from linkedin search google']","['Education, Agriculture', 'from_classification_model']",None,None,None,None,None,None,0.25,0.0,0.0,0.0,0.0625
Incident management software australia or newzealand,Galvanize: Security_ Risk_ Compliance_ and Audit Software,https://www.wegalvanize.com/,+1 604 669 4225. support@wegalvanize.com · Visit support · Privacy Policy | Terms of Use © 2020 ACL Services Ltd. dba Galvanize. All Rights Reserved. × ...,wegalvanize,"['Level  12 , Plaza Building, Australia Square, 95 Pitt Street, Sydney, New South Wales 2000', 'https://www.wegalvanize.com/contact/']","['support@wegalvanize.com', 'https://www.wegalvanize.com/']","['+61-2-8188-3965', 'https://www.wegalvanize.com/contact/']","['fraud risk risk database', 'risk data', 'risk control', 'risk management teams', 'essential risk data', 'risk management', 'aggregate risk data', 'vendor risk management', 'risk management software', 'compliance risks']",None,"['Healthcare, Arts, entertainment and recreation', 'from_classification_model']",None,None,None,None,None,None,0.25,0.25,0.0,0.0,0.125
Incident management software australia or newzealand,Triathlon Australia,https://www.triathlon.org.au/Home.htm,"""/Assets/Triathlon+Australia+Digital+Assets/2020_21+Membership/20.21+Membership+Banner.jpg"". 20.21 Membership Banner. Trystars Carousel Banner.",triathlon,"['337 Christine Avenue, Varsity Lakes, QLD 4227', 'http://www.triathlon.org.au/About/Contact_Us.htm']","['darren@etpa.com.au', 'https://www.triathlonvictoria.org.au/coaches']","['+61 2 8488 6200', 'http://www.triathlon.org.au/About/Contact_Us.htm']","['itu world cross triathlon championships triathlon victoria', 'triathlon australia', 'triathlon club', 'triathlon victoria', 'hawthorn triathlon club club', 'triathlon australia board', 'triathlon south australia', 'melbourne triathlon club', 'triathlon south club', 'triathlon australia policies']","[['Mel Saltiel ', 'Community Manager_Triathlon NZ'], 'from linkedin search google']","['Agriculture, Finance and insurance', 'from_classification_model']",None,None,None,None,None,None,0.25,0.25,0.0,0.0,0.125
Incident management software australia or newzealand,OneTrust,https://www.onetrust.com/,OneTrust Privacy. Privacy Management Software. Operationalize Your ​Privacy Program for ​CCPA  GDPR & ​All the World's Privacy Laws​. BUILT FOR: ...,onetrust,None,"['support@onetrust.com', 'https://www.onetrust.com/onetrust-announces-new-advisory-board/']",None,"['onetrust privacy', 'onetrust privacy management', 'data privacy compliance', 'onetrust privacy management technology', 'privacy shield onetrust', 'onetrust privacy program management', 'new data privacy rights', 'privacy technology onetrust', 'onetrust privacy management software', 'data privacy regulations']","[['Roble Ali CIPP/E ', 'Alliance Partner Manager APJ_OneTrust ...'], 'from linkedin search google']","['Manufacturing, Healthcare', 'from_classification_model']",None,None,None,None,None,None,0.0,0.0,0.0,0.0,0.0
Incident management software australia or newzealand,G4S Global,https://www.g4s.com/,G4S works to safeguard the welfare and prosperity of millions of people worldwide – helping to create safer and better environments in which people live and ...,g4s,None,"['cashcollection@uk.g4s.com', 'https://www.g4s.com/en-gb/what-we-do/cash-solutions']",None,"['security systems', 'security technology', 'security companies', 'other security companies', 'security teams', 'mobile security services', 'different security systems', 'global security company', 'security officers', 'security data']","[['Neil Miles ', 'Operations Manager_G4S Australia & New Zealand'], 'from linkedin search google']","['Arts, entertainment and recreation, Finance and insurance', 'from_classification_model']",None,None,None,None,None,None,0.0,0.0,0.0,0.0,0.0
Incident management software australia or newzealand,Incident Control Room,https://www.incidentcontrolroom.com/,Incident Control Room. MENU. Close. ICR Solutions. ICR: Emergency Management Information System · ICR: Campus Incident Control™ · ICR: Fire and ...,incidentcontrolroom,None,"['info@zenithtechnologies.com', 'https://www.incidentcontrolroom.com/privacy-policy/']","['+61 408 664 123', 'https://www.incidentcontrolroom.com/crisis-management-software-australia/']","['incident management information', 'live incident management software', 'real time incident information', 'ensuring incidents', 'incident management software live incident', 'incident control software', 'incident response', 'incident response plans', 'managing incidents', 'key incident']",None,"['Manufacturing, Finance and insurance', 'from_classification_model']",None,None,None,None,None,None,0.0,0.25,0.0,0.0,0.0625
Incident management software australia or newzealand,The Patient Safety Company,https://www.patientsafety.com/,The Patient Safety Company offers a flexible solution to register and analyze incidents  automate follow-up processes and to manage your improvement plans.,patientsafety,"['Level 3, 54 Jephson Street Toowong QLD 4066 Australia', 'https://www.patientsafety.com/en/partners/cgov-australia']","['hak@grcpartnersasia.com', 'https://www.patientsafety.com/en/partners/grc-asia']","['+61 (07) 3211 4444', 'https://www.patientsafety.com/en/partners/cgov-australia']","['van de basisoorzaken van', 'basis van de uitkomsten van de zorg', 'van de uitkomsten van de online enquête', 'de veiligheid van de zorg', 'de veiligheid van de patiënt', 'de ogen van de patiënt', 'de meldingsbereidheid van de medewerkers', 'de leden van de commissie', 'de zichtbaarheid van de commissie', 'de namen van de betrokkenen']","[['Jutta Thwaites ', 'Innovation and Service ..._LinkedIn'], 'from linkedin search google']","['IT - Software, Utilities', 'from_classification_model']",None,None,None,None,None,None,0.25,0.25,0.0,0.0,0.125
Incident management software australia or newzealand,RLDatix - Put Patients First | Start your patient safety journey ...,https://rldatix.com/,Learn how RLDatix is driving the future of patient safety by helping healthcare ...,rldatix,"['Level  10 , 71 Queens Road, Melbourne VIC Australia 3004', 'https://rldatix.com/en-nam/contact']","['sachin.agrawal@datixhealth.com', 'https://rldatix.com/en-nam/company/news/press-releases/%e2%80%8brl-solutions-and-datix-to-join-forces']","['+61 3 9686 0009', 'https://rldatix.com/en-nam/contact']","['rldatix patient safety software', 'patient safety data', 'patient safety incidents', 'patient safety software', 'rldatix patient safety', 'patient safety processes', 'patient safety solutions', 'improved patient safety processes', 'patient safety learnings', 'patient safety reporting']","[['Claudia Buttazzoni ', 'BDM_Bid Manager'], 'from linkedin search google']","['IT - Software, Education', 'from_classification_model']",None,None,None,None,None,None,0.25,0.25,0.0,0.0,0.125
Incident management software australia or newzealand,Datacom: Home,https://www.datacom.co.nz/,Datacom designs  builds and runs IT systems and process for business.,datacom,"['Level  11 , 66 St Georges Terrace Perth, WA 6000', 'https://www.datacom.co.nz/Contact/Perth.aspx']","['fficer@datacom.co.nz', 'https://www.datacom.co.nz/Privacy-Policy.aspx']","['+64 9 303 1480', 'https://www.datacom.co.nz/Special-Pages/Contact-Us-Form.aspx?cid=2992&ref=2990']","['datacom services', 'datacom customers', 'ko datacom te', 'datacom support technology', 'datacom partners', 'datacom employees', 'customer satisfaction datacom partners', 'datacom group', 'new chair datacom', 'datacom queensland']","[[""Vikki O'Shannessey "", 'Marketing Manager_Datacom'], 'from linkedin search google']","['Agriculture, Utilities', 'from_classification_model']",None,None,None,None,None,None,0.25,0.25,0.0,0.0,0.125
Incident management software australia or newzealand,Sentrient: Compliance System_ Compliance Courses ...,https://www.sentrient.com.au/,Workplace Compliance Systems & Courses. Sentrient offers #1 workplace compliance system with compliance management training courses for Australian ...,sentrient,"['Level  1 , 1 Queens Road, Melbourne VIC 3004', 'https://www.sentrient.com.au/prevention-is-better-than-cure']","['info@sentrient.com', 'https://www.sentrient.com.au/blog/publicly-available-courses-to-help-people-handle-the-covid-19-coronavirus-epidemic-better']","['1300 894 506', 'https://www.sentrient.com.au/']","['workplace compliance policy', 'bullying policy workplace policy template', 'sentrient online workplace compliance system', 'online workplace compliance courses', 'online workplace compliance system', 'online workplace compliance management system', 'online workplace compliance training', 'workplace policy template', 'workplace compliance systems', 'online workplace compliance training program']","[['Gavin Altus ', 'Managing Director_Sentrient'], 'from linkedin search google']","['Services - professional, scientific, and technical, IT - Software', 'from_classification_model']",None,None,None,None,None,None,0.25,0.25,0.0,0.0,0.125
Incident management software australia or newzealand,World Challenge North America - Bespoke school expeditions ...,https://weareworldchallenge.com/northamerica/,The best things in life aren't free. Hear from the thousands of Challengers who have been there and done it. Learn more. 4. Community. Learn about our ...,weareworldchallenge,"['37 Wilkinson Rd Mount Wellington, Auckland 1060', 'https://weareworldchallenge.com/australasia/contact-us/']","['customersupport@world-challenge.ae', 'https://weareworldchallenge.com/international/contact-us/']","['0800 456 134', 'https://weareworldchallenge.com/australasia/contact-us/']","['local community life', 'local communities', 'local community initiatives', 'local schools', 'school communities', 'rural uzbekistan local communities', 'local life', 'community life', 'local people', 'safe school trips']","[['Joshua Tisdell ', 'Auckland_ New Zealand ..._LinkedIn'], 'from linkedin search google']","['IT - Software, Real estate', 'from_classification_model']",None,None,None,None,None,None,0.25,0.25,0.0,0.0,0.125
occupational safety and health software australia OR new zealand,Erudite - Humanising Healthcare Software,https://eruditegroup.co.nz/,Where achieving positive patient outcomes and real financial efficiencies go hand-in-hand. Arrange A Consultation. (+64) 9 889 2450 hello@eruditegroup.co.nz.,eruditegroup,"['91 Central Park Drive Henderson Auckland 0601 New Zealand', 'https://eruditegroup.co.nz/contact/']","['hello@eruditegroup.co.nz', 'https://eruditegroup.co.nz/case-studies/']","['+64 9 889 2450', 'https://eruditegroup.co.nz/contact/']","['health information systems', 'many health systems', 'employee health data', 'key health data', 'occupational health', 'employee health', 'holistic health solutions', 'digital health data', 'compelling health data', 'health outcomes']",None,"['IT - Software, Arts, entertainment and recreation', 'from_classification_model']",None,None,None,None,None,None,0.25,0.25,0.0,0.0,0.125
occupational safety and health software australia OR new zealand,Home - 2crisk,https://2crisk.com.au/,2CRisk is a cloud based occupational health and wellbeing software solution ... For Australia e: info@2CRisk.com.au | p: +61 1300 736 361. For UK e: ...,2crisk,"['488 George Street Sydney ,  NSW 2000 Australia', 'https://2crisk.com.au/event/workplace-health-association-national-workplace-health-conference/']","['2049-1416780000-1416898800@2crisk.com.au', 'https://2crisk.com.au/event/workplace-health-association-national-workplace-health-conference/?ical=1']","['+64 (0)27 6698737', 'https://2crisk.com.au/new-zealand/']","['health risk', 'health programs', 'health risk management', 'health management', 'workforce health', 'health events', 'employee health systems', 'workplace health', 'health software companies', 'health risk management systems']","[['Mark Cassidy ', 'Managing Director_My Workplace ...'], 'from linkedin search google']","['Healthcare, IT - Software', 'from_classification_model']",None,None,None,None,None,None,0.25,0.25,0.0,0.0,0.125
hazard management software australia OR New Zealand,Hazard Management Systems Ltd: Home,http://www.hazman.co.nz/,Hazard Management Systems Limited ... Debbie Strickland (Consultant) + 64 27 859 3235. Vince Lomas (Consultant) + 64 22 467 9513. Hastings New Zealand.,hazman,None,"['charlie@hazman.co.nz', 'http://www.hazman.co.nz/contact']","['+64 22 467 9513', 'http://www.hazman.co.nz/testimonials']","['wool testing authority ltd hazard management systems ltd', 'maintenance hazard management systems ltd', 'schemes hazard management systems ltd', 'credentials hazard management systems ltd', 'training sheets hazard management systems ltd', 'charlie strickland industry types evacuation schemes hazard management systems ltd', 'hazard management systems ltd h.s.n.o. hazardous substance', 'bevan j abraham hazard management systems ltd', 'hazard management systems ltd.', 'p.p.e staff training sheets hazard management systems ltd']","[['Charlie Strickland ', 'Director_Hazard Management ...'], 'from linkedin search google']","['Healthcare, Construction', 'from_classification_model']",None,None,None,None,None,None,0.0,0.25,0.0,0.0,0.0625
hazard management software australia OR New Zealand,Risk Management Technologies,https://rmtglobal.com/,Risk Management Technologies are pioneers of the world's most respected chemical safety data sheet (SDS/MSDS) & data management software. Learn more ...,rmtglobal,"['5 Ventnor Avenue, West Perth, Western Australia 6005', 'https://rmtglobal.com/contact.php']","['service@cirs-reach.com', 'https://rmtglobal.com/contact.php']","['+61 (0)8 9322 1794', 'https://rmtglobal.com/chemalert/faq.php']","['chemalert overview chemalert reviews', 'other chemalert chemical', 'artificial intelligence chemalert overview chemalert reviews', 'chemalert system', 'chemalert users', 'chemalert training', 'chemalert help', 'chemalert stock', 'chemical safety management chemalert', 'chemalert support team']",None,"['Education, Arts, entertainment and recreation', 'from_classification_model']",None,None,None,None,None,None,0.25,0.25,0.0,0.0,0.125
enterprise risk management software australia OR New Zealand,Purple Lion Domains – Domain name sales,http://purpleliondomains.com/,Owning the right domain names prevents your competitors capitalising on your name and future proofs your brand. We specialise in selling premium domain ...,cammsgroup,None,None,None,"['premium domain names', 'domains', 'purple lion domains', 'domain extensions', 'the domain name transfer', 'any domain name', 'your preferred domain registrar', 'the domain transfer', 'your domain registrar', 'the domain sale price']","[['Adam Collins ', 'Chief Product Officer_Camms'], 'from linkedin search google']","['IT - Software, Finance and insurance', 'from_classification_model']",None,None,None,None,None,None,0.0,0.0,0.0,0.0,0.0
enterprise risk management software australia OR New Zealand,Corporater GPRC Platform | GPRC | Governance ...,https://corporater.com/en/,Corporater Business Management Platform ... Corporater has been featured in the Quadrant for Strategic Corporate Performance Management Solutions.,corporater,None,None,None,None,"[['Suman Babu K ', 'Regional Sales Manager ..._LinkedIn'], 'from linkedin search google']","['Manufacturing, Real estate', 'from_classification_model']",None,None,None,None,None,None,0.0,0.0,0.0,0.0,0.0
enterprise risk management software australia OR New Zealand,Sword Active Risk,https://www.sword-activerisk.com/,Active Risk provides Enterprise Risk Management software that drives business performance and corporate growth by providing a new set of management ...,sword-activerisk,"['Level  14 333 Collins Street Melbourne VIC 3000 AUSTRALIA', 'https://www.sword-activerisk.com/company/contact-us/locations/']","['info@sword-activerisk.com', 'https://www.sword-activerisk.com/company/careers/']","['+61 3 9988 6964', 'https://www.sword-activerisk.com/company/contact-us/locations/']","['project risk', 'effective project risk management', 'critical project risk management', 'project risk management software', 'undervalue project risk management', 'risk management process', 'risk management information', 'project risk managers', 'enterprise risk management', 'risk management success']","[['David Harvey ', 'Vice President_Sword GRC'], 'from linkedin search google']","['IT - Software, Finance and insurance', 'from_classification_model']",None,None,None,None,None,None,0.25,0.25,0.0,0.0,0.125
health and safety management australia and new zealand,ISO Global: ISO 9001 Quality Management System,https://www.isoglobal.com.au/,... we have certified hundreds of client's across Australia in almost every industry. ... “We found the process of gaining our ISO 9001 accreditation with ISO Global ...,isoglobal,"['Level  32 , 1 Market St Sydney NSW 2000', 'https://www.isoglobal.com.au/contact-us/']","['kylie@isoglobal.com.au', 'https://www.isoglobal.com.au/our-team/join-our-team/']","['1300 889 649', 'https://www.isoglobal.com.au/environmental-systems/']","['business management systems', 'iso global systems', 'quality management systems', 'developing management systems', 'management systems', 'integrated management systems', 'effective quality management systems', 'iso global management systems', 'iso management system', 'quality assuring management systems']",None,"['Healthcare, Transport', 'from_classification_model']",None,None,None,None,None,None,0.25,0.25,0.0,0.0,0.125
health and safety management australia and new zealand,Standards Australia - Standard Organisation in Australia,https://www.standards.org.au/,We are an independent  not-for-profit organisation  recognized by the Australian Government as the peak non-government Standards body in Australia.,standards,"['Level  10 , 20 Bridge Street  Sydney, NSW 2000', 'https://www.standards.org.au/whistleblower-policy']","['international.participation@standards.org.au', 'https://www.standards.org.au/news/archive/december-2017']","['+61 2 9237 6086', 'https://www.standards.org.au/news']","['standards australia', 'australia australia', 'standards australia limited videos international australia', 'committee standards australia', 'standards australia policy', 'continuing standards australia', 'standards australia limited', 'standards australia signs', 'accredited standards australia', 'current standards australia']","[['Jamal Waqar ', 'Research Manager_Standards Australia ...'], 'from linkedin search google']","['Utilities, Mining, oil and gas', 'from_classification_model']",None,None,None,None,None,None,0.25,0.25,0.0,0.0,0.125
health and safety management australia and new zealand,QMS Certification Services - ISO Certification & AS/NZS ...,https://www.qms.com.au/,QMS is an industry-leading certification and compliance assessment organisation with offices and clients across Australia and the world.,qms,"['Level  2 , 161 King St Newcastle NSW 2300', 'https://www.qms.com.au/start-a-conversation/']","['info@qms.com.au', 'https://www.qms.com.au/as-nzs-4801-certification/']","['1800 065 800', 'https://www.qms.com.au/as-nzs-4801-certification/']","['business certification', 'management systems certification', 'safety management certifications', 'iso certification provider', 'various iso certifications', 'iso standard certification', 'several iso certifications', 'quality management training manufacturing industry certification', 'launceston food safety management systems certification', 'certification services']","[['Hilary Wensor ', 'Marketing Services Manager_QMS ...'], 'from linkedin search google']","['IT - Software, Education', 'from_classification_model']",None,None,None,None,None,None,0.25,0.25,0.0,0.0,0.125
health and safety management australia and new zealand,SAI Global® Assurance: Home Page,https://saiassurance.com.au/,Each year  the SAI Assurance team delivers more than 125 000 audits and training courses to over 100 000 people across 130 countries.,saiassurance,"['Level  37 , 680 George Sydney, Sydney NSW 2000', 'https://saiassurance.com.au/contact-us/']","['affiliates@saiglobal.com', 'https://saiassurance.com.au/SAICAP']","['+61 2 8206 6060', 'https://saiassurance.com.au/contact-us/']","['sai global management', 'sai global assurance', 'quality management training sai global assurance', 'sai global assurance training solutions', 'sai global assurance learning', 'sai global auditors', 'contact sai global assurance', 'sai global assurance personnel', 'residues sai global assurance', 'leading workplace safety organisation sai global']",None,"['Agriculture, Utilities', 'from_classification_model']",None,None,None,None,None,None,0.25,0.25,0.0,0.0,0.125
health and safety management australia and new zealand,Australian Institute of Health & Safety,https://www.aihs.org.au/,This exclusive AIHS event will be held in the WA's premier IRATA training facility of All Areas Access. ... ohseducationaccreditation.org.au (link is external).,aihs,"['2 Wella Way, Somersby Somersby NSW AU 2250', 'https://www.aihs.org.au/node?page=6']","['events@aihs.org.au', 'https://www.aihs.org.au/events/webinar-impacts-managing-2nd-wave-covid-19']","['+61 (0)411 193 370', 'https://www.aihs.org.au/news-and-publications/news/media-release-working-home-new-normal-%E2%80%93-requiring-new-approach-health-and']","['quad bike safety quad bike safety', 'quad safety', 'worker safety', 'quad bike safety', 'significant safety risks', 'quad bike safety rebate program untitled design', 'safety systems', 'safety', 'safety alert', 'mine safety']","[['Christine Edwards ', 'Director_Safety Institute of Australia ...'], 'from linkedin search google']","['Manufacturing, IT - Software', 'from_classification_model']",None,None,None,None,None,None,0.25,0.25,0.0,0.0,0.125
risk software australia OR new zealand,Iress Community,https://community.iress.com/,REGISTER TO USE THE COMMUNITY. Registration to the Iress Community is available to verified Iress software users. Learn how to register from the following ...,community.iress,None,"['support@dexterous.com.au', 'https://community.iress.com/t5/tkb/allarticlesprintpage/tkb-id/IRESSOpenIntegrations']","['+61439481494', 'https://community.iress.com/t5/forums/recentpostspage/post-type/thread']","['xplan clients', 'xplan custom integrations', 'xplan users', 'xplan user resources', 'client user', 'iress xplan users', 'client data', 'client information', 'xplan site owners', 'client service processes']","[[""Lisa O'Reilly "", 'Marketing Lead_APAC'], 'from linkedin search google']","['IT - Software, Transport', 'from_classification_model']",None,None,None,None,None,None,0.0,0.25,0.0,0.0,0.0625
risk software australia OR new zealand,Energy Trading Software - ETRM | Creative Analytics Australia ...,http://analytics.com.au/,Creative Analytics provides leading edge energy software and consulting services for energy trading and risk management (ETRM). Ask our experts.,analytics,None,"['support@analytics.com.au', 'http://analytics.com.au/closed-monday-25th-january-2016/']","['+61 (2) 8916-2224', 'http://analytics.com.au/new-support-and-contact-telephone-numbers/']","['live prices creative analytics', 'creative creative analytics', 'new markets', 'market prices', 'current market prices', 'creative analytics christmas newsletter energy', 'gas prices', 'spot price', 'many new customers', 'many new features']","[['Colin Li ', 'Data Analytics Manager_Allianz Australia'], 'from linkedin search google']","['Utilities, Real estate', 'from_classification_model']",None,None,None,None,None,None,0.0,0.25,0.0,0.0,0.0625
risk management programs australia OR new zealand,Chartered Accountants Australia & New Zealand | CA ANZ,https://www.charteredaccountantsanz.com/,Chartered Accountants Australia & New Zealand (CA ANZ) represents over 120000 members in Australia  New Zealand & overseas. CA ANZ creates prosperity ...,charteredaccountantsanz,"['33 Erskine Street, Sydney, NSW 2000 Australia', 'https://www.charteredaccountantsanz.com/terms-of-use']","['privacy@charteredaccountantsanz.com', 'https://www.charteredaccountantsanz.com/privacy-policy']","['1800 688 582', 'https://www.charteredaccountantsanz.com/member-services/member-benefits/aon-australia']","['ca anz ca program', 'chartered accountants anz ca anz', 'covid-19 ca program overview ca program', 'contact ca anz', 'ca anz events', 'ca anz assurance', 'ca anz ip', 'harmless ca anz', 'portability ca anz', 'landlords ca anz']","[['Sunny Sirjahan Sirabas ', 'General Manager ..._LinkedIn'], 'from linkedin search google']","['Education, Services - professional, scientific, and technical', 'from_classification_model']",None,None,None,None,None,None,0.25,0.25,0.0,0.0,0.125
risk management programs australia OR new zealand,GRCI : Home,https://www.thegrcinstitute.org/,Home · About GRCI · GRCI Annual Awards · GRC2019 Conference follow up & thank you! Our Vision · GRCI Board · GRCI Board Nominations 2019 · Notice of ...,thegrcinstitute,"['50 Clarence St, Sydney, New South Wales Australia 2000', 'https://www.thegrcinstitute.org/Events/eventdetail/1401']","['aunders@thegrcinstitute.org', 'https://www.thegrcinstitute.org/cmspages/page/1880']","['+61 2 9290 1788', 'https://www.thegrcinstitute.org/cmspages/page/1869']","['compliance professionals', 'grc professionals', 'stephen mildred compliance', 'news grc professional magazine', 'aml risks', 'grc professional magazine', 'grci members', 'cpd points contact compliance', 'drive compliance', 'risk practitioners']","[['Sameer Mehrotra ', 'Manager_ Technology Finance ..._LinkedIn'], 'from linkedin search google']","['Transport, Mining, oil and gas', 'from_classification_model']",None,None,None,None,None,None,0.25,0.25,0.0,0.0,0.125
risk management programs australia OR new zealand,ANZIIF: Australian and New Zealand Institute of Insurance and ...,https://anziif.com/,ANZIIF (The Australian and New Zealand Institute of Insurance and Finance) is the leading provider of education  training and professional development ...,anziif,"['Level  7 , 628 Bourke Street, Melbourne, VIC 3000 Australia', 'https://anziif.com/about/the-journal']",None,"['+613 9613 7200', 'https://anziif.com/education/buint2020']","['john lyon anziif insurance', 'new zealand insurance industry', 'john lyon anziif insurance industry qualifications', 'new zealand insurance professionals', 'anziif qualifications', 'anziif membership', 'anziif products', 'new zealand insurance industry awards', 'vero insurance new zealand', 'anziif diploma']","[['Jim Brooks ', 'Business Development Manager ..._LinkedIn'], 'from linkedin search google']","['Education, Healthcare', 'from_classification_model']",None,None,None,None,None,None,0.25,0.25,0.0,0.0,0.125
risk management programs australia OR new zealand,Hotcourses Abroad,https://www.hotcoursesabroad.com/,Interested in studying abroad? Read university reviews by International students  find scholarships  check university rankings and follow student blogs.,hotcoursesabroad,None,None,None,"['outstanding student support student accommodation', 'international students', 'international student support', 'overall international students', 'deakin students', 'international student nationalities', 'students facilities', 'international students faith', 'many students', 'developing students']",None,"['Education, Arts, entertainment and recreation', 'from_classification_model']",None,None,None,None,None,None,0.0,0.0,0.0,0.0,0.0
health and safety management programs australia OR new zealand,Home | Australia & New Zealand,https://www.bureauveritas.com.au/,... assure quality  reduce costs  increase productivity and foster a more responsible  sustainable culture. Discover · Bureau Veritas in Australia & New Zealand.,bureauveritas,"['3 /435 Williamstown Road, Port Melbourne VIC 3207', 'https://www.bureauveritas.com.au/footer/legal-notice']","['daniel.caeiro@bureauveritas.com', 'https://www.bureauveritas.com.au/marine-offshore-services']","['+61 (0) 3 9922 0700', 'https://www.bureauveritas.com.au/contact-us-about-health-safety-environment-services']","['bureau veritas australia', 'bureau veritas certification', 'bureau veritas website', 'bureau veritas global', 'bureau veritas employees', 'bureau veritas experts', 'bureau veritas training', 'bureau veritas minerals', 'bureau veritas environmental', 'bureau veritas auditors']","[['Rhys LEWIS ', 'General Manager_I&F Strategic ...'], 'from linkedin search google']","['Utilities, Healthcare', 'from_classification_model']",None,None,None,None,None,None,0.25,0.25,0.0,0.0,0.125
health and safety management programs australia OR new zealand,ANZ Personal Banking | Accounts_ credit cards_ loans ...,https://www.anz.com.au/personal/,Jul 17  2020 - ANZ offers a range of personal banking and business financial solutions. Services include internet banking  bank accounts  credit cards  home ...,anz,"['4338 Melbourne, VIC 8060', 'https://www.anz.com.au/personal/investing-super/investment-loans/']","['investmentlending@anz.com', 'https://www.anz.com.au/personal/investing-super/investment-loans/']","['+61 3 9683 8833', 'https://www.anz.com.au/security/report-fraud/']","['anz frequent flyer black card anz', 'anz credit cards', 'anz', 'anz customers', 'anz products', 'anz transactions', 'anz business credit cards', 'anz investment loans', 'anz rewards', 'anz business']","[['Kevin Tunstall ', 'Branch Manager_ANZ'], 'from linkedin search google']","['Finance and insurance, Utilities', 'from_classification_model']",None,None,None,None,None,None,0.25,0.25,0.0,0.0,0.125
risk management programs australia OR new zealand,Masters Portal,https://www.mastersportal.com/,Find and compare Master degrees from top universities worldwide: search all MBA  MSc  MA  LLM  MPhil and more postgraduate programmes to study abroad ...,mastersportal,None,None,None,"['university students', 'ohio university students', 'computer science degree students', 'pace university fairleigh dickinson university', 'other students', 'students', 'other graduate students', 'student life', 'many students', 'future international students']",None,"['Education, Mining, oil and gas', 'from_classification_model']",None,None,None,None,None,None,0.0,0.0,0.0,0.0,0.0
hazard management programs australia OR new zealand,Bushfire & Natural Hazards CRC,https://www.bnhcrc.com.au/,23 Jul. Minister for Industry Science and Resources. $88.1 million for new world class disaster research centre. Tweets. Tweets by bnhcrc. Landgate FireWatch.,bnhcrc,"['4 Murray Rose Avenue Sydney Olympic Park  NSW 2127 Australia', 'https://www.bnhcrc.com.au/events/2019-raf-sydney2']","['david.boxshall@bnhcrc.com.au', 'https://www.bnhcrc.com.au/about/board-staff']","['+61 3 9418 5208', 'https://www.bnhcrc.com.au/about/board-staff']","['fire risk', 'natural hazard risk management', 'natural hazards emergency management', 'fire management', 'community fire managers', 'natural hazard risk reduction crc reports', 'disaster risk reduction research programs', 'fire management agencies', 'fire australia', 'community bushfire risk reduction']","[['Blythe McLennan ', 'Research Fellow_ Centre for ..._LinkedIn'], 'from linkedin search google']","['Mining, oil and gas, Real estate', 'from_classification_model']",None,None,None,None,None,None,0.25,0.25,0.0,0.0,0.125
hazard management programs australia OR new zealand,Competency Training: Home,https://competencytraining.com/,Contact Us. Phone (Within Australia) 1300 872 585; Phone (Outside Australia) +61 7 3217 8066. Fax +61 7 3217 8077; Email info@competencytraining.com.,competencytraining,"['2 October 2020  Adelaide - ATC 7 La Salle St, Dudley Park SA 5008', 'https://competencytraining.com/course-details/?course_id=32436&course_type=w']","['info@competencytraining.com', 'https://competencytraining.com/']","['+61 7 3217 8077', 'https://competencytraining.com/']","['electrical safety course', 'electrical safety awareness course', 'hazardous areas awareness course duration certificate iv courses', 'electrical competency training', 'welding electrical safety course', 'courses', 'course participants', 'hazardous areas refresher course', 'project management course', 'operations course']",None,"['Education, Arts, entertainment and recreation', 'from_classification_model']",None,None,None,None,None,None,0.25,0.25,0.0,0.0,0.125
hazard management programs australia OR new zealand,Avisure,https://www.avisure.com/,Specialising in wildlife and bird strike risk management  Avisure's team of aviation ecologists have been helping airports and aviation industry stakeholders ...,avisure,"['PO Box 145 ,> Pooraka, > South Australia 5095', 'https://www.avisure.com/']","['pshaw@avisure.com', 'https://avisure.com/about-us/fatalities-and-destroyed-aircraft-due-to-wildlife-strikes-1912-to-present/']","['+61 7 5508 2046', 'https://www.avisure.com/careers/vacancies/']","['wildlife strike management programs', 'wildlife strike management', 'avisure australia airport safety management', 'integrated wildlife management programs', 'wildlife strike risk', 'integrated wildlife hazard management program', 'aviation wildlife strikes', 'airports avisure work', 'airport wildlife strike prevention', 'wildlife strike risk assessment']","[['Cameron Clark ', 'Ecosure and Avisure_LinkedIn'], 'from linkedin search google']","['Transport, Education', 'from_classification_model']",None,None,None,None,None,None,0.25,0.25,0.0,0.0,0.125
hazard management programs australia OR new zealand,Disaster & Emergency Management Conference: Home,https://anzdmc.com.au/,M Psych  Head  Policy and Practice  Phoenix Australia | Centre for Posttraumatic Mental Health  Department of Psychiatry | The University of Melbourne ...,anzdmc,"['2010 . Following the devastating earthquakes in Canterbury', 'https://anzdmc.com.au/lessons-in-social-media-and-communication/']",None,"['+61 426 564 660', 'https://anzdmc.com.au/contact/']","['disaster management disaster management', 'disaster risk management', 'disaster management', 'emergency management australia', 'community disaster resilience', 'disaster risk', 'disaster management technology', 'emergency management', 'disaster response', 'disaster management policy']","[['Angela McCarthy ', 'Joint Association Conference ..._LinkedIn'], 'from linkedin search google']","['Healthcare, Finance and insurance', 'from_classification_model']",None,None,None,None,None,None,0.25,0.25,0.0,0.0,0.125
hazard management programs australia OR new zealand,Going Further in Managing Risk | Greencap Australia & New ...,http://www.greencap.com.au/,Greencap are experts in the management of Health & Safety  Property Risk and Environmental Risk. Partnering with our team of consultants  engineers and ...,greencap,"['Level 1 / 677 High Street, Kew East, VIC 3102', 'https://www.greencap.com.au/privacy-policies']","['lwain@greencap.com.au', 'https://www.greencap.com.au/asbestos-hazardous-materials']","['1300 363 992', 'https://www.greencap.com.au/privacy-policies']","['greencap risk assessment services', 'risk management requirements', 'property risk management', 'risk management controls', 'asbestos risk', 'risk management solutions', 'water system risk management', 'risk management issues', 'important asbestos risk management tasks', 'property risk management solutions']","[['Dean Comrie ', 'General Manager_Greencap'], 'from linkedin search google']","['IT - Software, Healthcare', 'from_classification_model']",None,None,None,None,None,None,0.25,0.25,0.0,0.0,0.125
Compliance management programs australia OR new zealand,enableHR: HR Software & HRIS system in Australia & New ...,https://www.enablehr.com.au/,Already using enableHR? Login. Organise your information. Securely store all your employee information. Access it anywhere  on any device. Find what you ...,enablehr,None,"['support@enablehr.com', 'https://www.enablehr.com.au/blog/new-jobkeeper-resources-now-available-in-enablehr/']","['1300 453 514', 'https://www.enablehr.com.au/']","['employees', 'new employees', 'other employees', 'employee management', 'such employees', 'australian employees', 'employee entitlements', 'employee records', 'eligible employees', 'employee safety']","[['Renee Makoni ', 'Australia & New Zealand_enableHR'], 'from linkedin search google']","['IT - Software, Utilities', 'from_classification_model']",None,None,None,None,None,None,0.0,0.25,0.0,0.0,0.0625
Compliance management programs australia OR new zealand,Safetrac: Online Compliance Training,https://www.safetrac.com.au/,Safetrac is a leader in providing engaging  effective online training programs to businesses across Australia and New Zealand since 1999. Request Safetrac ...,safetrac,"['5218 Sydney NSW 2001', 'https://www.safetrac.com.au/privacy-policy/']","['enquiries@safetrac.com', 'https://www.safetrac.com.au/']","['1800 170 830', 'https://www.safetrac.com.au/']","['online compliance training courses', 'safetrac bespoke compliance courses', 'comprehensive online compliance training courses', 'compliance courses', 'training courses', 'managers course', 'specific courses', 'course type', 'safetrac courses', 'home courses']","[['Nathan Rickard ', 'National Sales Manager_The Safetrac ...'], 'from linkedin search google']","['IT - Software, Finance and insurance', 'from_classification_model']",None,None,None,None,None,None,0.25,0.25,0.0,0.0,0.125
Compliance management programs australia OR new zealand,BGL SMSF & corporate compliance solutions | Simple Fund ...,https://www.bglcorp.com/,Suite 2  606-608 Hawthorn Road (PO Box 8063) Brighton East Victoria  3187 Australia ABN: 60 606 354 079. Phone: 1300 654 401. Email: info@bglcorp.com.,bglcorp,"['Level  2 /96 Saint Georges Bay Road Parnell, Auckland 1052', 'https://www.bglcorp.com/contact/']","['jtsipos@bglcorp.com.au', 'https://www.bglcorp.com/feed/']","['+613 9092 9400', 'https://www.bglcorp.com/2018/07/18/proposed-sg-amnesty-raises-opportunities-and-risks/']","['bgl wiki bgl', 'bgl simple fund', 'smsf software company bgl', 'smsf software provider bgl', 'bgl clients', 'bgl blog gao simple fund', 'smsf administrator bgl', 'smsf software provider bgl corporate solutions', 'tester porter services bgl support bgl', 'smsf administration software provider bgl corporate solutions']","[['Ron Lesh ', 'Managing Director_BGL Corporate ...'], 'from linkedin search google']","['Services - professional, scientific, and technical, Manufacturing', 'from_classification_model']",None,None,None,None,None,None,0.25,0.25,0.0,0.0,0.125
Incident management programs australia OR new zealand,Austroads: Home,https://austroads.com.au/,Austroads publishes a range of Guides which cover the design  construction  maintenance and operation of the road network in Australia and New Zealand. View ...,austroads,"['Level  9 ,\xa0287 Elizabeth Street SYDNEY NSW 2000 Australia', 'https://austroads.com.au/drivers-and-vehicles/overseas-drivers/country-recognition']","['austroads@austroads.com.au', 'https://austroads.com.au/drivers-and-vehicles/overseas-drivers/country-recognition']","['1300 654 628', 'https://austroads.com.au/drivers-and-vehicles/nevdis/nevdis-contacts']","['road safety management', 'road assets', 'road pavements', 'geometric road design elements', 'road safety', 'road traffic', 'road', 'road safety treatments', 'road networks', 'road condition data management']","[['Richard Delplace ', 'Austroads_LinkedIn'], 'from linkedin search google']","['Finance and insurance, Manufacturing', 'from_classification_model']",None,None,None,None,None,None,0.25,0.25,0.0,0.0,0.125
Incident management programs australia OR new zealand,Australian Institute Disaster Resilience | Home,https://www.aidr.org.au/,The Australian Institute for Disaster Resilience (AIDR) develops  maintains and shares knowledge and learning to support a disaster resilient Australia.,aidr,"['155 Pelham Street, Carlton Victoria 3053', 'https://www.aidr.org.au/programs/australian-emergency-management-volunteer-forum/']","['ilkinson@aidr.org.au', 'https://www.aidr.org.au/news/call-for-working-group-nominations/']",None,"['community disaster resilience', 'community disaster resilience initiatives', 'disaster risk management', 'disaster resilience education programs', 'disaster affected communities', 'disaster recovery programs', 'disaster risk reduction', 'disaster risk initiatives', 'disaster resilience initiatives', 'disaster resilience training']","[['Amanda Lamont ', 'Co Founder and Vice President ..._LinkedIn'], 'from linkedin search google']","['Education, Utilities', 'from_classification_model']",None,None,None,None,None,None,0.25,0.0,0.0,0.0,0.0625
Incident management programs australia OR new zealand,FutureWest Institute - Emergency Management Training ...,https://www.futurewest.com.au/,FutureWest Institute is a niche RTO delivering and assessing nationally recognised training in emergency management for professionals  including the ...,futurewest,"['PO Box 176 FLOREAT WA 6014', 'https://www.futurewest.com.au/contact.html']","['erin.smith@ecu.edu.au', 'https://www.futurewest.com.au/advanced-diploma-of-public-safety-emergency-management.html']","['+61401 679 988', 'https://www.futurewest.com.au/contact.html']","['future west institute', 'quick links categories', 'training rto', 'rss feed', 'quick links', 'ming thomson', 'its incident management training course', 'november', 'august', 'archives']","[['Lincoln Heading ', 'Owner/Manager_EK Laser and ...'], 'from linkedin search google']","['IT - Software, Healthcare', 'from_classification_model']",None,None,None,None,None,None,0.25,0.25,0.0,0.0,0.125
Compliance management programs australia OR new zealand,Litmos Help,https://support.litmos.com/hc/en-us,SAP Litmos Support ... SAP Litmos Training Solutions product release announcements and notes. ... Release Notes Archive: SAP Litmos Training Content ...,support.litmos,None,"['support@litmos.com', 'https://support.litmos.com/hc/en-us/articles/227740207-My-Icon-or-Favicon-is-not-appearing']",None,"['litmos courses', 'litmos training courses', 'course content', 'compliance courses', 'assigned courses', 'courses', 'compliance training courses', 'course results', 'path courses', 'user course assignments']",None,"['Mining, oil and gas, IT - Software', 'from_classification_model']",None,None,None,None,None,None,0.0,0.0,0.0,0.0,0.0
Compliance management programs australia OR new zealand,University of Otago_ University of Otago_ New Zealand,https://www.otago.ac.nz/,The University of Otago is ranked in the top 1% of universities in the world. Choose Otago for academic excellence and an outstanding student experience. ... university@otago.ac.nz · Learning and teaching · Academic dates · Applying to ...,otago.ac.nz,"['362 Leith Street Dunedin 9016 New Zealand', 'https://www.otago.ac.nz/accessibility/']","['yvonne.gaut@otago.ac.nz', 'https://www.otago.ac.nz/humanities/maori-at-humanities/support/index.html']","['+64 3 479 6548', 'https://www.otago.ac.nz/dsm-dean/student-support/hauora-maori/']","['otago students', 'māori students', 'otago māori centre', 'otago university', 'māori student success', 'tauira māori students', 'māori post graduate students', 'otago new', 'otago law student maddi ingham', 'new zealand university']","[['Mike Harte ', 'Director of Information Technology ..._LinkedIn'], 'from linkedin search google']","['Education, Real estate', 'from_classification_model']",None,None,None,None,None,None,0.25,0.25,0.0,0.0,0.125
Compliance management programs australia OR new zealand,SAP Litmos LMS: Learning Management System | eLearning ...,https://www.litmos.com/,Deliver training anytime  anywhere with our easy to use learning management system  pre-built courses  and e-learning solutions. Start a free trial today.,litmos,"['Suite  115 Vancouver, WA 9868', 'https://www.litmos.com/en-AU/contact-us']","['partners@litmos.com', 'https://www.litmos.com/en-AU/reviews']","['+61 1300 133 151', 'https://www.litmos.com/en-AU/reviews']","['sap litmos training e sap litmos training content', 'sap litmos training—と強固なコースライブラリー—sap litmos training', 'sap litmos', 'sap litmos training', 'sap litmos training lms', 'sap litmos processing', 'sap litmos training content', 'perché sap litmos', 'germania sap litmos', 'sap litmos porque']","[['Anna Kelly ', 'General Manager_Litmos by SAP'], 'from linkedin search google']","['IT - Software, Mining, oil and gas', 'from_classification_model']",None,None,None,None,None,None,0.25,0.25,0.0,0.0,0.125
